Datetime,Open,High,Low,Close,Volume
2026-05-25 19:30:00,4572.6500,4572.6600,4571.2300,4571.3200,35.5308
2026-05-25 19:35:00,4571.2400,4573.7200,4569.6500,4572.2100,275.6072
2026-05-25 19:40:00,4572.2100,4573.0100,4572.1800,4572.5700,40.5271
2026-05-25 19:45:00,4572.5700,4574.0200,4572.5600,4572.8700,203.5838
2026-05-25 19:50:00,4572.8600,4574.1700,4572.7800,4573.2200,82.2736
2026-05-25 19:55:00,4573.2200,4573.6000,4573.2100,4573.2500,75.3497
2026-05-25 20:00:00,4573.2400,4574.2100,4573.2400,4573.8800,90.9025
2026-05-25 20:05:00,4573.8800,4574.9200,4573.7900,4574.9000,301.8703
2026-05-25 20:10:00,4574.9000,4574.9800,4574.3700,4574.8900,163.6646
2026-05-25 20:15:00,4574.9700,4575.5800,4574.8800,4575.5800,180.7440
2026-05-25 20:20:00,4575.5800,4576.2300,4575.5600,4576.2200,94.3368
2026-05-25 20:25:00,4576.1500,4576.8400,4576.1400,4576.6900,170.3399
2026-05-25 20:30:00,4576.6900,4578.5500,4575.9100,4576.5200,307.6232
2026-05-25 20:35:00,4576.5300,4577.0400,4576.1100,4576.5100,180.3437
2026-05-25 20:40:00,4576.4300,4578.0900,4575.5300,4576.8800,413.9704
2026-05-25 20:45:00,4576.9600,4577.6600,4575.9700,4577.6400,131.9523
2026-05-25 20:50:00,4577.6400,4578.3000,4577.5600,4577.8500,206.2829
2026-05-25 20:55:00,4577.8500,4578.1300,4577.1300,4577.4000,101.2088
2026-05-25 21:00:00,4577.3900,4578.1400,4576.7800,4577.2600,262.6321
2026-05-25 21:05:00,4577.2700,4577.7000,4574.4200,4576.5600,362.8810
2026-05-25 21:10:00,4576.5600,4577.3200,4575.4200,4575.7700,200.8411
2026-05-25 21:15:00,4575.6900,4576.1800,4575.2700,4576.0900,98.9050
2026-05-25 21:20:00,4576.1700,4576.1700,4574.9800,4575.1700,159.2483
2026-05-25 21:25:00,4575.1000,4575.2000,4575.0200,4575.2000,68.5495
2026-05-25 21:30:00,4575.2000,4575.2000,4573.5700,4574.3500,165.0829
2026-05-25 21:35:00,4574.3500,4574.5100,4573.2400,4573.8300,83.4932
2026-05-25 21:40:00,4574.4100,4575.1600,4573.2400,4573.8600,138.5517
2026-05-25 21:45:00,4573.8600,4573.8600,4572.3300,4573.1700,145.1182
2026-05-25 21:50:00,4573.1700,4573.6400,4573.1300,4573.2200,54.9895
2026-05-25 21:55:00,4573.2200,4574.5200,4572.0400,4572.8900,248.7200
2026-05-25 22:00:00,4572.9800,4577.5500,4571.9400,4574.4500,1484.7621
2026-05-25 22:05:00,4574.1900,4575.8600,4572.9300,4575.0700,360.5852
2026-05-25 22:10:00,4575.0800,4577.3300,4574.4300,4575.8200,435.7090
2026-05-25 22:15:00,4575.9000,4578.0000,4575.5600,4576.5700,310.5401
2026-05-25 22:20:00,4576.5700,4578.0000,4576.5700,4577.6800,199.9560
2026-05-25 22:25:00,4577.6700,4578.0000,4576.5700,4576.5800,274.2687
2026-05-25 22:30:00,4576.5800,4576.7100,4573.2200,4574.2200,585.8282
2026-05-25 22:35:00,4574.2300,4575.6100,4572.4700,4575.0000,335.6123
2026-05-25 22:40:00,4574.9200,4577.0700,4574.3800,4576.1500,529.3181
2026-05-25 22:45:00,4576.2300,4577.5000,4575.4500,4576.0500,208.2095
2026-05-25 22:50:00,4576.1300,4578.6000,4575.9500,4578.1500,155.3137
2026-05-25 22:55:00,4578.1500,4578.7200,4576.3300,4577.0100,485.0337
2026-05-25 23:00:00,4577.0000,4578.5000,4575.1000,4576.4100,369.3975
2026-05-25 23:05:00,4576.4100,4578.3900,4576.1400,4577.7800,394.6121
2026-05-25 23:10:00,4577.8600,4583.4800,4577.3900,4582.3000,1479.5139
2026-05-25 23:15:00,4582.2100,4583.4000,4579.4400,4580.6700,728.9568
2026-05-25 23:20:00,4580.6700,4580.8400,4576.0000,4576.8200,526.3951
2026-05-25 23:25:00,4576.7400,4577.4100,4570.0000,4571.5900,973.3342
2026-05-25 23:30:00,4571.7300,4573.1400,4561.6400,4564.4300,2438.3348
2026-05-25 23:35:00,4564.4300,4566.4600,4558.0000,4564.2700,2022.6434
2026-05-25 23:40:00,4564.3500,4564.8800,4559.9500,4560.5000,1678.2585
2026-05-25 23:45:00,4560.5100,4564.9000,4560.3300,4562.2100,545.5708
2026-05-25 23:50:00,4562.2000,4568.0100,4561.9800,4565.7900,618.2219
2026-05-25 23:55:00,4565.6400,4568.0400,4561.8300,4563.2400,547.7599
2026-05-26 00:00:00,4563.2400,4563.2400,4551.6800,4554.4300,2290.3989
2026-05-26 00:05:00,4554.4300,4556.3100,4552.0900,4552.9400,448.5595
2026-05-26 00:10:00,4552.8500,4556.0300,4551.5100,4555.3600,634.3896
2026-05-26 00:15:00,4555.3600,4556.7900,4544.1900,4549.0000,1667.9954
2026-05-26 00:20:00,4549.0000,4550.9300,4544.2100,4548.0500,680.0888
2026-05-26 00:25:00,4548.0500,4552.6100,4546.5600,4552.3400,691.4134
2026-05-26 00:30:00,4552.3400,4557.0000,4552.3400,4554.9200,887.3754
2026-05-26 00:35:00,4554.9300,4555.2400,4549.0500,4550.4900,495.9943
2026-05-26 00:40:00,4550.4900,4552.7100,4546.5200,4551.0300,818.5432
2026-05-26 00:45:00,4551.2500,4554.1500,4547.9800,4548.0200,348.2562
2026-05-26 00:50:00,4548.1000,4549.0200,4543.0000,4546.0100,1084.3430
2026-05-26 00:55:00,4545.9900,4553.5000,4545.9900,4552.0500,932.1997
2026-05-26 01:00:00,4552.0100,4552.3100,4546.0000,4546.2100,754.9061
2026-05-26 01:05:00,4546.2000,4549.9700,4546.2000,4547.9500,438.4585
2026-05-26 01:10:00,4548.0100,4552.7500,4548.0100,4551.5300,335.2892
2026-05-26 01:15:00,4551.6200,4551.6200,4548.6000,4549.6200,198.2368
2026-05-26 01:20:00,4549.5400,4550.9400,4545.0000,4547.4000,582.6759
2026-05-26 01:25:00,4547.1900,4548.7700,4546.3200,4546.9100,185.2512
2026-05-26 01:30:00,4546.8200,4547.1400,4540.8000,4542.3900,1359.2558
2026-05-26 01:35:00,4542.4000,4542.5100,4531.7300,4534.0200,1861.5800
2026-05-26 01:40:00,4533.0500,4536.8900,4532.0000,4535.8900,1421.1145
2026-05-26 01:45:00,4535.6900,4539.5000,4534.8200,4537.0000,857.2569
2026-05-26 01:50:00,4537.0100,4539.2500,4535.8700,4538.4600,494.6252
2026-05-26 01:55:00,4538.4600,4541.9400,4538.1300,4540.4500,625.1856
2026-05-26 02:00:00,4540.4500,4541.1300,4537.0900,4539.9000,615.0893
2026-05-26 02:05:00,4539.9100,4541.7200,4539.8000,4541.6000,385.1437
2026-05-26 02:10:00,4541.6800,4543.6000,4540.3900,4541.2600,392.2494
2026-05-26 02:15:00,4541.2600,4542.1200,4540.0000,4541.6400,233.1468
2026-05-26 02:20:00,4541.7200,4541.7300,4540.0000,4541.4900,234.2966
2026-05-26 02:25:00,4541.4900,4541.8500,4537.4900,4539.9000,340.5910
2026-05-26 02:30:00,4539.9000,4541.4900,4537.3600,4537.9100,432.2331
2026-05-26 02:35:00,4537.9200,4542.9500,4537.6900,4540.6500,404.9883
2026-05-26 02:40:00,4540.6500,4541.8900,4537.1100,4537.3500,299.2522
2026-05-26 02:45:00,4537.3500,4537.4400,4533.5700,4535.9800,498.3845
2026-05-26 02:50:00,4536.0100,4537.9500,4534.0000,4535.5900,429.9047
2026-05-26 02:55:00,4535.5900,4537.3100,4535.5000,4536.3400,289.8109
2026-05-26 03:00:00,4536.3400,4539.5000,4535.5000,4538.0100,289.6399
2026-05-26 03:05:00,4538.0000,4539.9400,4536.7000,4538.8000,238.8673
2026-05-26 03:10:00,4538.7200,4541.9000,4537.5000,4540.5300,240.8268
2026-05-26 03:15:00,4540.5300,4542.0000,4540.2300,4541.6300,220.2703
2026-05-26 03:20:00,4541.6300,4545.7400,4541.1700,4544.2400,946.6296
2026-05-26 03:25:00,4544.1600,4545.5600,4539.7900,4543.9000,1657.9895
2026-05-26 03:30:00,4543.9000,4545.8500,4543.1000,4545.8500,368.7767
2026-05-26 03:35:00,4545.8400,4547.0000,4544.5000,4545.2300,523.9196
2026-05-26 03:40:00,4545.1400,4546.2100,4543.8500,4543.8600,319.9408
2026-05-26 03:45:00,4543.9400,4545.0000,4543.5000,4544.6800,169.6954
2026-05-26 03:50:00,4544.6800,4547.0000,4544.5300,4545.8400,602.3827
2026-05-26 03:55:00,4545.8400,4546.2600,4544.5700,4545.4100,377.0403
2026-05-26 04:00:00,4545.4000,4547.6400,4543.2800,4543.2900,444.6178
2026-05-26 04:05:00,4543.2900,4543.6500,4540.6300,4542.5700,724.6919
2026-05-26 04:10:00,4542.4700,4542.8000,4539.5000,4540.5900,419.2312
2026-05-26 04:15:00,4540.5100,4543.5600,4538.3400,4541.6800,862.1883
2026-05-26 04:20:00,4541.6800,4541.6900,4537.0000,4538.8200,419.7968
2026-05-26 04:25:00,4538.9000,4540.0700,4535.9900,4536.6200,764.7735
2026-05-26 04:30:00,4536.6300,4537.3000,4534.0000,4534.5900,1129.2826
2026-05-26 04:35:00,4534.5900,4534.6800,4529.0100,4531.8300,1493.0865
2026-05-26 04:40:00,4531.8300,4534.2600,4530.0000,4530.4100,761.3500
2026-05-26 04:45:00,4530.4900,4532.7200,4529.3100,4531.6900,676.5520
2026-05-26 04:50:00,4531.6900,4532.3800,4530.4900,4531.0500,353.1199
2026-05-26 04:55:00,4531.1400,4531.3100,4526.6600,4529.5200,844.0132
2026-05-26 05:00:00,4529.4300,4533.2900,4527.3800,4532.8600,761.6433
2026-05-26 05:05:00,4532.8600,4534.2400,4530.1200,4533.8300,657.5923
2026-05-26 05:10:00,4533.9800,4535.5000,4530.8500,4532.6200,558.8403
2026-05-26 05:15:00,4532.7800,4534.7900,4531.5000,4533.6900,244.4369
2026-05-26 05:20:00,4533.6800,4534.6000,4531.6100,4533.4100,357.6591
2026-05-26 05:25:00,4533.5800,4535.2500,4532.2600,4534.7000,201.6293
2026-05-26 05:30:00,4534.7000,4537.2700,4534.2200,4537.1000,581.0420
2026-05-26 05:35:00,4537.1000,4539.1900,4534.9100,4535.9000,808.7946
2026-05-26 05:40:00,4535.9000,4536.1500,4531.2000,4533.4000,948.1084
2026-05-26 05:45:00,4533.3200,4533.9000,4530.1100,4531.3800,678.7920
2026-05-26 05:50:00,4531.4600,4531.5300,4527.4500,4530.2800,950.3506
2026-05-26 05:55:00,4530.2800,4532.9400,4528.5600,4530.8000,509.9963
2026-05-26 06:00:00,4530.7100,4535.5800,4530.7100,4534.0200,398.8565
2026-05-26 06:05:00,4534.1100,4534.9500,4532.9600,4533.7500,235.8661
2026-05-26 06:10:00,4533.8300,4535.4600,4532.0300,4534.2800,577.6939
2026-05-26 06:15:00,4534.3600,4535.1000,4532.3600,4534.1600,454.6356
2026-05-26 06:20:00,4534.2400,4538.4000,4533.7000,4536.6400,592.8911
2026-05-26 06:25:00,4536.6400,4539.7400,4530.0300,4533.3200,1299.5044
2026-05-26 06:30:00,4533.2300,4534.6700,4531.6000,4534.1000,500.4449
2026-05-26 06:35:00,4534.1900,4537.1700,4534.1000,4535.2400,509.4245
2026-05-26 06:40:00,4535.0600,4536.6800,4533.5200,4536.5100,432.1709
2026-05-26 06:45:00,4536.4300,4536.5100,4530.4500,4532.5200,582.2110
2026-05-26 06:50:00,4532.4400,4534.0900,4531.5000,4533.9000,317.1686
2026-05-26 06:55:00,4533.9000,4536.9100,4533.8900,4534.7400,341.2509
2026-05-26 07:00:00,4534.8600,4536.5000,4532.2900,4534.0700,290.2592
2026-05-26 07:05:00,4534.0700,4536.4600,4530.7100,4530.7200,500.4963
2026-05-26 07:10:00,4530.7100,4533.6200,4529.4700,4532.1200,960.0723
2026-05-26 07:15:00,4532.1200,4532.3900,4525.0000,4530.3500,1542.9310
2026-05-26 07:20:00,4530.3500,4533.3500,4528.7200,4533.2500,521.1198
2026-05-26 07:25:00,4533.3400,4534.0500,4532.5200,4532.6200,420.0949
2026-05-26 07:30:00,4532.6100,4534.3800,4525.2200,4529.2800,915.5207
2026-05-26 07:35:00,4529.2800,4530.5300,4525.8000,4527.1400,859.3264
2026-05-26 07:40:00,4527.1400,4530.9700,4525.0000,4529.4900,646.4397
2026-05-26 07:45:00,4529.5700,4536.0200,4528.3800,4535.3000,1545.0986
2026-05-26 07:50:00,4535.3100,4538.0000,4533.8500,4533.9700,1200.9536
2026-05-26 07:55:00,4533.8900,4541.2000,4533.5800,4540.4100,1688.3571
2026-05-26 08:00:00,4540.4900,4540.4900,4537.3500,4538.0100,868.6614
2026-05-26 08:05:00,4538.0100,4538.3400,4535.0100,4536.1700,792.4819
2026-05-26 08:10:00,4536.1700,4537.7600,4531.1300,4531.4800,1495.9402
2026-05-26 08:15:00,4531.4800,4534.0700,4531.0000,4533.6100,676.9762
2026-05-26 08:20:00,4533.6200,4533.6200,4530.5300,4531.0800,634.9439
2026-05-26 08:25:00,4531.1700,4531.8700,4524.5000,4526.3700,2053.7339
2026-05-26 08:30:00,4526.3700,4527.1000,4523.0000,4524.5400,1228.8116
2026-05-26 08:35:00,4524.5500,4527.5500,4523.9000,4526.5400,970.0796
2026-05-26 08:40:00,4526.4600,4531.0800,4525.5600,4529.0800,720.5546
2026-05-26 08:45:00,4529.0800,4531.0800,4524.1400,4525.8400,886.4909
2026-05-26 08:50:00,4525.7700,4529.0900,4524.2500,4527.0200,689.2109
2026-05-26 08:55:00,4527.1000,4528.1300,4526.0000,4527.2800,211.0235
2026-05-26 09:00:00,4527.4900,4528.0400,4526.0000,4527.8300,252.4102
2026-05-26 09:05:00,4527.9500,4528.7300,4526.0000,4526.8200,359.8528
2026-05-26 09:10:00,4526.8200,4527.1400,4523.2000,4524.0700,540.6462
2026-05-26 09:15:00,4524.0700,4528.2800,4521.7300,4528.0400,1160.6319
2026-05-26 09:20:00,4528.0400,4528.5000,4524.1200,4525.6500,616.1776
2026-05-26 09:25:00,4525.5700,4529.4400,4525.4600,4527.9000,621.0672
2026-05-26 09:30:00,4527.9800,4528.2200,4521.0000,4521.8000,1096.0573
2026-05-26 09:35:00,4521.7700,4522.6500,4517.5300,4519.2500,2330.1502
2026-05-26 09:40:00,4519.2400,4520.5600,4516.0000,4517.2300,1969.6043
2026-05-26 09:45:00,4517.3100,4522.7000,4517.2200,4522.2800,757.7059
2026-05-26 09:50:00,4522.2900,4522.8400,4520.0000,4522.3600,480.9040
2026-05-26 09:55:00,4522.3600,4526.6200,4520.9600,4525.2700,1045.8218
2026-05-26 10:00:00,4525.1900,4525.9400,4520.8900,4522.6000,801.1063
2026-05-26 10:05:00,4522.6000,4528.4000,4522.2300,4527.7900,1149.2771
2026-05-26 10:10:00,4527.8500,4534.3500,4527.8500,4530.7900,2202.1092
2026-05-26 10:15:00,4530.7800,4536.0000,4529.3700,4530.8200,1471.5022
2026-05-26 10:20:00,4530.8200,4534.6300,4527.4800,4533.9900,1496.0684
2026-05-26 10:25:00,4534.0700,4538.5500,4532.2100,4536.4800,1346.8501
2026-05-26 10:30:00,4536.5700,4539.9000,4535.9000,4538.5500,997.9246
2026-05-26 10:35:00,4539.9000,4540.0000,4536.2700,4536.9500,948.3876
2026-05-26 10:40:00,4537.0300,4537.9300,4534.5500,4536.6000,915.9058
2026-05-26 10:45:00,4536.6000,4538.9000,4535.4800,4538.0000,659.7925
2026-05-26 10:50:00,4538.0000,4543.5600,4537.0000,4537.2000,1899.0318
2026-05-26 10:55:00,4537.2100,4538.2100,4535.5100,4537.2700,349.8308
2026-05-26 11:00:00,4537.3600,4539.1000,4535.9400,4538.8000,466.6155
2026-05-26 11:05:00,4538.7900,4539.0000,4536.9500,4538.0800,407.4628
2026-05-26 11:10:00,4538.0800,4538.7900,4535.0000,4535.3200,494.6763
2026-05-26 11:15:00,4535.3100,4536.4500,4533.1700,4533.5800,688.0332
2026-05-26 11:20:00,4533.6600,4534.3000,4529.1000,4529.7000,1787.1628
2026-05-26 11:25:00,4529.7900,4531.0500,4526.8500,4527.8100,1028.5707
2026-05-26 11:30:00,4527.8100,4527.8300,4522.2700,4524.1100,1974.8210
2026-05-26 11:35:00,4524.2000,4524.4400,4512.0000,4515.7100,3751.2372
2026-05-26 11:40:00,4515.6900,4518.0000,4510.6300,4514.4800,1857.8294
2026-05-26 11:45:00,4514.5600,4520.4100,4512.4000,4517.2800,1486.4356
2026-05-26 11:50:00,4517.2800,4519.8800,4514.2600,4516.3300,736.1682
2026-05-26 11:55:00,4516.3400,4516.5200,4506.7500,4511.3300,3022.2817
2026-05-26 12:00:00,4511.3600,4515.6300,4509.1100,4512.4400,1005.0705
2026-05-26 12:05:00,4512.4400,4516.0100,4509.0000,4514.5300,1040.3245
2026-05-26 12:10:00,4514.4400,4516.8400,4511.9100,4514.9100,641.0897
2026-05-26 12:15:00,4514.9100,4519.3700,4514.1200,4515.6200,1284.3191
2026-05-26 12:20:00,4515.6300,4516.4300,4512.0000,4513.5300,757.1331
2026-05-26 12:25:00,4513.5300,4515.1500,4508.0000,4510.6500,1313.2948
2026-05-26 12:30:00,4510.6500,4514.5300,4506.0800,4514.5100,1348.0888
2026-05-26 12:35:00,4514.5100,4514.6600,4507.1000,4507.2800,1037.9632
2026-05-26 12:40:00,4507.2700,4516.0000,4507.1700,4515.0800,1201.2472
2026-05-26 12:45:00,4515.0800,4523.6400,4513.6000,4522.3800,2594.8671
2026-05-26 12:50:00,4522.2900,4527.0100,4519.6700,4524.7900,1356.6728
2026-05-26 12:55:00,4524.7900,4526.1000,4521.0000,4522.7900,1043.5173
2026-05-26 13:00:00,4522.7800,4529.0000,4522.3500,4525.9700,1813.8362
2026-05-26 13:05:00,4525.9700,4526.2000,4522.1200,4525.2000,625.4904
2026-05-26 13:10:00,4525.2100,4525.2900,4518.2700,4521.2000,1223.9688
2026-05-26 13:15:00,4521.1200,4524.6100,4520.5400,4523.5400,694.5762
2026-05-26 13:20:00,4523.4600,4529.0000,4522.2000,4528.9900,1095.1866
2026-05-26 13:25:00,4528.9900,4531.3600,4524.6000,4525.2200,1357.2739
2026-05-26 13:30:00,4525.4400,4530.4800,4525.0600,4525.3100,952.4129
2026-05-26 13:35:00,4525.4000,4531.0000,4524.0000,4528.0000,1179.1589
2026-05-26 13:40:00,4528.0000,4535.0000,4527.2000,4530.4700,1651.1890
2026-05-26 13:45:00,4530.7200,4532.0600,4528.2100,4529.2200,924.6143
2026-05-26 13:50:00,4529.2300,4529.3900,4517.5000,4519.7500,2517.0530
2026-05-26 13:55:00,4519.8800,4522.0200,4514.9500,4518.2300,1679.3157
2026-05-26 14:00:00,4518.2300,4521.3900,4514.6200,4521.2100,1032.2224
2026-05-26 14:05:00,4521.1300,4525.0100,4519.0000,4519.7300,1576.9321
2026-05-26 14:10:00,4519.7100,4519.7100,4512.1500,4514.9100,1501.5257
2026-05-26 14:15:00,4514.9100,4518.4800,4512.9300,4518.3800,1033.4155
2026-05-26 14:20:00,4518.3000,4520.8200,4517.4600,4519.4600,785.5371
2026-05-26 14:25:00,4519.4600,4521.1400,4517.5800,4520.0000,381.3342
2026-05-26 14:30:00,4520.0000,4524.5200,4519.4500,4520.8500,953.3175
2026-05-26 14:35:00,4520.7700,4527.6000,4520.7600,4525.2500,957.6752
2026-05-26 14:40:00,4525.2600,4526.7400,4522.1900,4523.7600,632.7587
2026-05-26 14:45:00,4523.7600,4525.0500,4520.9700,4522.7900,556.9652
2026-05-26 14:50:00,4522.8800,4522.9300,4518.6300,4518.9900,622.5217
2026-05-26 14:55:00,4518.9900,4520.3900,4515.3700,4518.2400,746.7093
2026-05-26 15:00:00,4518.1500,4518.3100,4512.4000,4514.5000,1152.9079
2026-05-26 15:05:00,4514.4900,4517.1200,4513.6100,4514.8200,570.9219
2026-05-26 15:10:00,4514.8200,4516.0000,4513.0000,4514.7700,342.2693
2026-05-26 15:15:00,4514.7700,4515.0000,4508.4000,4512.3100,1259.9825
2026-05-26 15:20:00,4512.3800,4512.6600,4509.6700,4510.4600,505.7758
2026-05-26 15:25:00,4510.4600,4512.1600,4508.5000,4510.2800,748.9233
2026-05-26 15:30:00,4510.1800,4511.9900,4507.0000,4510.0400,960.0540
2026-05-26 15:35:00,4510.0100,4512.0000,4506.7800,4511.3800,1336.6969
2026-05-26 15:40:00,4511.3000,4514.0800,4510.5500,4511.9600,602.4151
2026-05-26 15:45:00,4511.9600,4514.3200,4510.4500,4510.6500,490.7573
2026-05-26 15:50:00,4510.5700,4514.0500,4510.1500,4513.4600,731.1944
2026-05-26 15:55:00,4513.3800,4513.4000,4509.1600,4510.5400,653.7121
2026-05-26 16:00:00,4510.8200,4512.5300,4509.0000,4510.1700,757.7839
2026-05-26 16:05:00,4510.0900,4510.2800,4506.7800,4507.3000,1055.4397
2026-05-26 16:10:00,4507.3800,4508.6900,4503.2900,4505.4000,1313.9725
2026-05-26 16:15:00,4505.4800,4509.1500,4503.6100,4508.1300,1351.0268
2026-05-26 16:20:00,4508.1300,4510.0000,4504.5400,4509.3100,650.4213
2026-05-26 16:25:00,4509.3000,4511.8300,4508.4800,4511.0300,640.0511
2026-05-26 16:30:00,4511.0300,4514.5100,4510.1100,4512.3700,1555.1712
2026-05-26 16:35:00,4512.4500,4514.7800,4511.3400,4511.5600,772.9236
2026-05-26 16:40:00,4511.5700,4512.0900,4508.1300,4509.6100,623.3259
2026-05-26 16:45:00,4509.6200,4510.8000,4507.0000,4507.0100,610.2182
2026-05-26 16:50:00,4507.0100,4509.0000,4506.5000,4508.8300,351.7779
2026-05-26 16:55:00,4508.8300,4510.1500,4508.1500,4508.7300,489.0008
2026-05-26 17:00:00,4508.7400,4511.2000,4508.3000,4509.7500,443.6707
2026-05-26 17:05:00,4509.6600,4509.7600,4507.3700,4508.6500,296.1781
2026-05-26 17:10:00,4508.6500,4508.9100,4507.3000,4507.8000,144.3847
2026-05-26 17:15:00,4507.8000,4508.2500,4507.4000,4507.9800,182.6802
2026-05-26 17:20:00,4508.0600,4510.0000,4507.8300,4509.9100,201.2750
2026-05-26 17:25:00,4509.9100,4511.0000,4502.2100,4504.4600,1833.9888
2026-05-26 17:30:00,4504.6600,4506.3400,4502.5000,4504.1100,747.1173
2026-05-26 17:35:00,4504.1100,4505.3400,4500.7200,4503.0100,1083.6964
2026-05-26 17:40:00,4503.0100,4503.3900,4501.0800,4502.8300,410.4222
2026-05-26 17:45:00,4502.9100,4506.4000,4501.8700,4505.1100,504.7913
2026-05-26 17:50:00,4505.1900,4506.5400,4500.2700,4501.0400,442.3045
2026-05-26 17:55:00,4501.0400,4501.4300,4493.1600,4494.9700,3165.5187
2026-05-26 18:00:00,4494.8400,4497.1500,4488.0000,4492.3600,3164.1866
2026-05-26 18:05:00,4492.5500,4494.6000,4486.4600,4493.5400,1349.6549
2026-05-26 18:10:00,4493.5400,4495.4900,4489.2700,4492.1600,1167.7006
2026-05-26 18:15:00,4492.0700,4495.0000,4489.8300,4494.9800,646.2279
2026-05-26 18:20:00,4494.9800,4498.0100,4494.0500,4497.0300,484.6378
2026-05-26 18:25:00,4497.0400,4500.5500,4496.5800,4499.5600,849.1807
2026-05-26 18:30:00,4499.5000,4500.9600,4497.1700,4500.6700,441.2744
2026-05-26 18:35:00,4500.6700,4500.6800,4497.0900,4500.0200,513.7742
2026-05-26 18:40:00,4500.0200,4501.7500,4497.6000,4499.4800,586.5653
2026-05-26 18:45:00,4499.4000,4502.5000,4498.0000,4500.8900,498.9982
2026-05-26 18:50:00,4500.8900,4502.6200,4500.5500,4501.9400,113.2878
2026-05-26 18:55:00,4501.8600,4502.6300,4500.2000,4501.9600,391.1919
2026-05-26 19:00:00,4501.8700,4504.8700,4500.1900,4502.5800,443.1023
2026-05-26 19:05:00,4502.5800,4502.9700,4500.3200,4502.9700,263.7167
2026-05-26 19:10:00,4502.8900,4504.7600,4501.3000,4502.1800,158.7773
2026-05-26 19:15:00,4502.1800,4507.5600,4502.0900,4505.6100,654.4845
2026-05-26 19:20:00,4505.6100,4508.2900,4505.0000,4506.7400,457.1240
2026-05-26 19:25:00,4506.8200,4506.8200,4505.0000,4506.2900,144.5446
2026-05-26 19:30:00,4506.2900,4507.6000,4504.4400,4507.3200,343.1316
2026-05-26 19:35:00,4507.3200,4509.0300,4506.8300,4507.2600,448.0078
2026-05-26 19:40:00,4507.2600,4509.9200,4507.2500,4508.8400,381.0254
2026-05-26 19:45:00,4508.8300,4511.7900,4507.4100,4511.1600,788.2939
2026-05-26 19:50:00,4511.1700,4511.6600,4509.4900,4509.4900,252.9775
2026-05-26 19:55:00,4509.5800,4513.0000,4509.4700,4511.8800,471.0095
2026-05-26 20:00:00,4511.9600,4514.6700,4510.7700,4511.3100,695.2488
2026-05-26 20:05:00,4511.3000,4513.1800,4510.5000,4511.2800,459.3611
2026-05-26 20:10:00,4511.2800,4511.9800,4510.1100,4511.7600,137.7847
2026-05-26 20:15:00,4511.7100,4514.3200,4511.1900,4511.6500,650.4739
2026-05-26 20:20:00,4511.6600,4513.2300,4510.3600,4512.5300,364.9998
2026-05-26 20:25:00,4512.6100,4512.6800,4509.9600,4510.2000,281.7932
2026-05-26 20:30:00,4510.2300,4511.4100,4509.9900,4510.6900,194.3390
2026-05-26 20:35:00,4510.6700,4512.3100,4508.1100,4511.6100,318.0317
2026-05-26 20:40:00,4511.6000,4514.4000,4511.6000,4513.5800,238.4629
2026-05-26 20:45:00,4513.5000,4515.4900,4511.4800,4511.8700,436.7440
2026-05-26 20:50:00,4511.8500,4511.8500,4509.2100,4511.2400,205.2377
2026-05-26 20:55:00,4511.2400,4512.8900,4510.7600,4511.8000,151.1232
2026-05-26 21:00:00,4511.7100,4513.0600,4510.7000,4511.4800,359.5386
2026-05-26 21:05:00,4511.4900,4513.6000,4511.3000,4512.3800,264.3769
2026-05-26 21:10:00,4512.3800,4514.4700,4511.9100,4513.6000,110.9303
2026-05-26 21:15:00,4513.5800,4513.6000,4511.9800,4513.1700,119.3607
2026-05-26 21:20:00,4513.1700,4514.2400,4512.7800,4513.1000,33.9150
2026-05-26 21:25:00,4513.1000,4513.8400,4512.5300,4513.4100,86.7862
2026-05-26 21:30:00,4513.4100,4513.5000,4512.5700,4513.3600,110.1333
2026-05-26 21:35:00,4513.3600,4514.0200,4513.2700,4513.9200,23.8391
2026-05-26 21:40:00,4514.0200,4514.0800,4513.8600,4513.9700,83.7137
2026-05-26 21:45:00,4514.0500,4517.0000,4513.9400,4514.7500,646.1210
2026-05-26 21:50:00,4514.6700,4514.7600,4511.3900,4512.2000,216.2870
2026-05-26 21:55:00,4512.1700,4513.6600,4512.1600,4512.4100,143.4885
2026-05-26 22:00:00,4512.4000,4518.3200,4508.7600,4510.5700,746.7616
2026-05-26 22:05:00,4510.5700,4511.8100,4507.5000,4508.3800,751.3443
2026-05-26 22:10:00,4508.3800,4510.0000,4507.5000,4508.3300,232.4613
2026-05-26 22:15:00,4508.3000,4511.8700,4507.5000,4510.1300,482.3571
2026-05-26 22:20:00,4510.0500,4513.2700,4508.7200,4508.9600,587.0210
2026-05-26 22:25:00,4509.3100,4510.9600,4506.4100,4508.5300,638.3175
2026-05-26 22:30:00,4508.6100,4509.4800,4505.0000,4505.2100,642.6822
2026-05-26 22:35:00,4505.2200,4506.1200,4502.6900,4506.1000,606.5613
2026-05-26 22:40:00,4506.0200,4507.2200,4505.3200,4505.5800,418.6903
2026-05-26 22:45:00,4505.5800,4507.1100,4504.3900,4506.7200,556.8602
2026-05-26 22:50:00,4506.6400,4510.6200,4505.0000,4510.4700,523.4076
2026-05-26 22:55:00,4510.4700,4517.2000,4508.8700,4514.3800,827.0656
2026-05-26 23:00:00,4514.3700,4517.5000,4512.6100,4514.4800,534.4381
2026-05-26 23:05:00,4514.5600,4516.6000,4512.4700,4513.6400,260.2208
2026-05-26 23:10:00,4513.5600,4514.1600,4510.5000,4512.6300,414.5273
2026-05-26 23:15:00,4512.6300,4513.8800,4512.1300,4512.9300,258.0750
2026-05-26 23:20:00,4512.9300,4513.3000,4508.5800,4509.6500,500.9671
2026-05-26 23:25:00,4509.6500,4515.2100,4509.3000,4515.2100,605.7564
2026-05-26 23:30:00,4515.1200,4520.3600,4513.9400,4518.3800,927.3765
2026-05-26 23:35:00,4518.3000,4519.9300,4514.8300,4518.6300,687.5885
2026-05-26 23:40:00,4518.6200,4529.1200,4516.8700,4529.1200,1229.7509
2026-05-26 23:45:00,4529.0900,4530.0000,4523.1200,4523.5700,1266.4617
2026-05-26 23:50:00,4523.5600,4524.6800,4522.9400,4523.4200,327.8687
2026-05-26 23:55:00,4523.5000,4524.6200,4520.2900,4521.8700,565.8652
2026-05-27 00:00:00,4521.9700,4528.4000,4520.2500,4523.8600,923.2993
2026-05-27 00:05:00,4523.9400,4526.7600,4521.2700,4524.9300,547.5105
2026-05-27 00:10:00,4524.8500,4526.2400,4522.9700,4524.6200,448.0503
2026-05-27 00:15:00,4524.6200,4525.2200,4522.9200,4523.6300,524.1664
2026-05-27 00:20:00,4523.6300,4524.1800,4518.6000,4519.0800,688.0969
2026-05-27 00:25:00,4519.0000,4520.9900,4515.8100,4520.3200,720.3383
2026-05-27 00:30:00,4520.2400,4523.0900,4520.0200,4522.1900,534.3631
2026-05-27 00:35:00,4522.1400,4522.9100,4518.7600,4519.9900,457.8406
2026-05-27 00:40:00,4519.5800,4522.1900,4518.7800,4521.3400,347.8489
2026-05-27 00:45:00,4521.4200,4525.0000,4521.3400,4521.8100,410.3451
2026-05-27 00:50:00,4521.8100,4521.9000,4519.4400,4520.0700,205.5503
2026-05-27 00:55:00,4519.9900,4523.7400,4518.1400,4518.5100,390.1680
2026-05-27 01:00:00,4518.5000,4520.4800,4517.2000,4518.4200,665.6232
2026-05-27 01:05:00,4518.3300,4520.2600,4517.5000,4519.4100,398.2752
2026-05-27 01:10:00,4519.2800,4525.2000,4519.0000,4522.4800,1019.7471
2026-05-27 01:15:00,4522.4000,4523.0200,4519.4300,4519.4300,402.1921
2026-05-27 01:20:00,4519.4300,4524.2200,4517.7800,4523.0000,538.1171
2026-05-27 01:25:00,4523.0100,4523.0100,4518.0000,4519.2300,553.5949
2026-05-27 01:30:00,4519.3000,4520.5200,4517.0000,4518.3700,660.2891
2026-05-27 01:35:00,4518.4500,4520.2000,4514.4600,4515.5500,740.9740
2026-05-27 01:40:00,4515.5500,4518.0000,4513.0000,4513.5000,777.1769
2026-05-27 01:45:00,4513.6300,4514.0700,4510.0000,4512.7800,856.4343
2026-05-27 01:50:00,4512.5800,4513.6100,4510.3400,4511.0200,713.5240
2026-05-27 01:55:00,4511.0200,4513.2400,4511.0000,4511.6900,272.1013
2026-05-27 02:00:00,4511.6900,4512.8900,4505.5200,4508.7800,1182.0974
2026-05-27 02:05:00,4508.7800,4509.2700,4506.6000,4507.2200,452.1854
2026-05-27 02:10:00,4507.2200,4509.6200,4506.6000,4508.1400,198.4449
2026-05-27 02:15:00,4508.0600,4509.2100,4502.8400,4503.2800,915.5980
2026-05-27 02:20:00,4503.2800,4507.7300,4503.0600,4507.3100,552.6323
2026-05-27 02:25:00,4507.3900,4508.4900,4507.3100,4508.4800,273.7890
2026-05-27 02:30:00,4508.4800,4509.4100,4506.5800,4508.1800,462.9961
2026-05-27 02:35:00,4508.1900,4509.1700,4503.3400,4504.2500,723.0697
2026-05-27 02:40:00,4504.2500,4505.6000,4502.7600,4503.5400,587.0216
2026-05-27 02:45:00,4503.8500,4505.2000,4502.1700,4505.0100,489.2382
2026-05-27 02:50:00,4505.0100,4509.8000,4504.4700,4507.4800,912.0995
2026-05-27 02:55:00,4507.4900,4510.0000,4506.9600,4508.6000,455.0881
2026-05-27 03:00:00,4508.6000,4512.4900,4508.1500,4511.0300,863.8305
2026-05-27 03:05:00,4511.1100,4511.7500,4507.7800,4511.6200,457.3522
2026-05-27 03:10:00,4511.6200,4513.3400,4510.1200,4512.1800,217.5642
2026-05-27 03:15:00,4513.3500,4514.6400,4511.1000,4514.1300,680.7221
2026-05-27 03:20:00,4514.2100,4514.4100,4511.0000,4511.6900,378.6389
2026-05-27 03:25:00,4511.6900,4511.7800,4508.5000,4510.5700,544.9780
2026-05-27 03:30:00,4510.5700,4510.9100,4506.5500,4508.2800,345.6300
2026-05-27 03:35:00,4507.9400,4508.0200,4504.1600,4505.9000,514.0125
2026-05-27 03:40:00,4505.9800,4508.3500,4505.9000,4507.3200,454.9003
2026-05-27 03:45:00,4507.3200,4508.4600,4506.6200,4507.4000,233.9373
2026-05-27 03:50:00,4507.3200,4508.4000,4505.5000,4506.3100,373.1445
2026-05-27 03:55:00,4506.3000,4506.7900,4500.3600,4501.3000,1236.9359
2026-05-27 04:00:00,4501.2900,4503.1000,4500.2500,4502.8400,827.7715
2026-05-27 04:05:00,4502.8400,4505.9200,4502.2000,4504.9900,427.1607
2026-05-27 04:10:00,4504.9900,4506.2000,4504.3600,4505.7100,309.2437
2026-05-27 04:15:00,4505.7900,4505.9000,4503.0000,4504.1000,436.0033
2026-05-27 04:20:00,4503.8500,4506.6700,4503.8400,4505.6800,495.8011
2026-05-27 04:25:00,4505.6700,4505.6800,4502.3700,4503.0400,304.0664
2026-05-27 04:30:00,4503.0100,4505.4500,4501.3500,4504.5000,499.9401
2026-05-27 04:35:00,4504.4200,4506.1500,4503.5000,4505.9200,329.6132
2026-05-27 04:40:00,4505.8400,4511.8000,4505.6500,4511.6700,1156.9350
2026-05-27 04:45:00,4511.5800,4519.9300,4510.1000,4519.3700,1847.0479
2026-05-27 04:50:00,4519.4600,4519.9400,4514.1300,4515.7200,746.0252
2026-05-27 04:55:00,4515.5700,4515.6000,4512.5000,4513.3000,637.3249
2026-05-27 05:00:00,4513.3000,4517.9100,4511.1400,4516.5200,644.7546
2026-05-27 05:05:00,4516.5300,4516.6100,4512.1600,4514.0800,500.1259
2026-05-27 05:10:00,4514.0900,4514.1800,4511.0600,4512.5600,514.2380
2026-05-27 05:15:00,4512.5600,4512.5700,4508.3900,4508.8600,931.6343
2026-05-27 05:20:00,4508.8600,4510.8800,4506.2800,4509.1700,880.5542
2026-05-27 05:25:00,4509.1700,4511.2200,4508.9700,4510.7100,540.2667
2026-05-27 05:30:00,4510.7100,4511.8300,4496.0100,4499.8500,3070.5506
2026-05-27 05:35:00,4499.8600,4504.7300,4498.3000,4503.0000,812.7561
2026-05-27 05:40:00,4503.0800,4504.3800,4496.6300,4497.5200,1484.2308
2026-05-27 05:45:00,4497.5200,4500.4000,4496.6500,4499.9900,817.6963
2026-05-27 05:50:00,4500.0000,4505.8000,4499.0900,4501.9700,830.5657
2026-05-27 05:55:00,4501.7000,4504.1700,4499.3000,4500.5800,607.1955
2026-05-27 06:00:00,4500.5800,4502.3200,4497.1800,4498.5400,977.2540
2026-05-27 06:05:00,4498.8900,4502.0000,4497.7600,4500.9400,660.1076
2026-05-27 06:10:00,4501.2200,4501.7400,4497.8900,4498.0000,359.5774
2026-05-27 06:15:00,4497.9900,4500.0400,4491.4000,4492.9900,1657.5169
2026-05-27 06:20:00,4493.0000,4494.1800,4487.2700,4490.7100,1941.6833
2026-05-27 06:25:00,4490.6400,4493.1600,4488.6700,4490.0100,795.3146
2026-05-27 06:30:00,4490.0900,4492.7300,4481.3300,4486.9400,2764.4856
2026-05-27 06:35:00,4486.8600,4488.8900,4484.6800,4487.1100,1098.7746
2026-05-27 06:40:00,4487.1100,4491.7100,4486.4100,4491.7100,871.0785
2026-05-27 06:45:00,4491.1300,4495.9200,4489.5300,4491.7900,1630.7278
2026-05-27 06:50:00,4491.7100,4493.0000,4489.7100,4490.5900,539.0300
2026-05-27 06:55:00,4490.6000,4491.0200,4488.0000,4488.5800,617.8883
2026-05-27 07:00:00,4488.5800,4492.3600,4488.4000,4490.3000,751.6174
2026-05-27 07:05:00,4490.5000,4492.8300,4486.0000,4488.0200,1023.1399
2026-05-27 07:10:00,4488.3100,4489.2600,4482.7300,4485.0000,1211.8740
2026-05-27 07:15:00,4484.1700,4488.4800,4484.0000,4487.2900,774.5173
2026-05-27 07:20:00,4487.3000,4492.8600,4486.0000,4489.9000,681.9868
2026-05-27 07:25:00,4489.9000,4489.9900,4488.0000,4489.1400,426.8496
2026-05-27 07:30:00,4489.0600,4493.0400,4487.9300,4489.0100,1082.2863
2026-05-27 07:35:00,4489.0600,4489.7900,4484.5200,4486.7300,1096.6466
2026-05-27 07:40:00,4486.6400,4488.9600,4485.8300,4486.1200,309.2879
2026-05-27 07:45:00,4486.0400,4488.4000,4481.5500,4481.9200,847.4243
2026-05-27 07:50:00,4481.7900,4484.4500,4476.2400,4482.2600,2299.9905
2026-05-27 07:55:00,4482.2600,4485.4400,4481.4000,4484.5000,859.7097
2026-05-27 08:00:00,4484.4000,4492.0000,4484.3900,4489.2500,2161.0789
2026-05-27 08:05:00,4489.1700,4490.7000,4487.3600,4488.5600,610.8868
2026-05-27 08:10:00,4488.4800,4489.9900,4486.0000,4489.1500,474.8479
2026-05-27 08:15:00,4489.2400,4493.0000,4487.7200,4492.2100,1339.8100
2026-05-27 08:20:00,4492.2900,4495.0000,4490.6000,4493.3400,1471.5132
2026-05-27 08:25:00,4493.2600,4494.7000,4490.4300,4492.7400,834.1235
2026-05-27 08:30:00,4492.6600,4492.7500,4490.0000,4491.3900,663.4863
2026-05-27 08:35:00,4491.4700,4495.0000,4490.6600,4494.9900,746.6933
2026-05-27 08:40:00,4495.0000,4499.6400,4494.9900,4498.6200,1667.6474
2026-05-27 08:45:00,4498.7000,4498.7300,4494.6200,4498.6100,815.9822
2026-05-27 08:50:00,4498.6100,4501.6000,4497.6800,4500.3000,1440.4553
2026-05-27 08:55:00,4500.3000,4500.6400,4497.2000,4499.9900,375.7962
2026-05-27 09:00:00,4500.0000,4500.0000,4494.3300,4495.5600,1013.2162
2026-05-27 09:05:00,4495.4800,4495.8500,4490.4500,4492.7200,1195.2581
2026-05-27 09:10:00,4492.7200,4496.1800,4491.2300,4495.4900,690.5413
2026-05-27 09:15:00,4495.4900,4498.2500,4494.3000,4497.0900,669.4878
2026-05-27 09:20:00,4497.0800,4498.0000,4494.0100,4494.6100,533.0663
2026-05-27 09:25:00,4494.5300,4496.0300,4492.8000,4493.2000,659.5800
2026-05-27 09:30:00,4493.2000,4493.9700,4487.8000,4493.4000,1760.8276
2026-05-27 09:35:00,4493.4800,4495.1400,4492.3000,4494.3700,651.2538
2026-05-27 09:40:00,4494.4500,4495.0000,4491.0000,4491.8300,461.0269
2026-05-27 09:45:00,4491.8300,4493.0000,4491.2600,4492.7600,322.7660
2026-05-27 09:50:00,4492.7600,4497.1600,4492.7000,4495.5200,683.2483
2026-05-27 09:55:00,4495.5900,4496.2100,4493.0600,4493.0600,524.1018
2026-05-27 10:00:00,4493.0600,4493.3900,4487.0000,4490.3300,1683.3714
2026-05-27 10:05:00,4490.3300,4492.2200,4489.7000,4490.4000,314.1503
2026-05-27 10:10:00,4490.4800,4490.9200,4487.9800,4488.9700,339.4885
2026-05-27 10:15:00,4488.9700,4489.6500,4482.7200,4483.6700,1138.6283
2026-05-27 10:20:00,4483.6000,4485.9000,4482.0000,4484.2100,1748.0306
2026-05-27 10:25:00,4484.2000,4485.1800,4479.3700,4481.0200,1667.2180
2026-05-27 10:30:00,4481.1000,4481.3800,4476.0400,4478.0000,2438.3106
2026-05-27 10:35:00,4478.0100,4479.9000,4464.9400,4468.0200,3258.0383
2026-05-27 10:40:00,4467.7400,4474.4000,4466.8800,4471.0000,1566.2828
2026-05-27 10:45:00,4471.0000,4471.0000,4447.8000,4453.3200,5934.6295
2026-05-27 10:50:00,4452.4600,4455.8500,4447.3500,4450.0800,2236.1455
2026-05-27 10:55:00,4450.0900,4456.2800,4448.6300,4453.1800,1514.9757
2026-05-27 11:00:00,4453.1700,4457.7800,4450.6700,4457.7200,1614.9593
2026-05-27 11:05:00,4457.7200,4457.8800,4451.2300,4454.4600,1063.7459
2026-05-27 11:10:00,4454.5400,4455.8000,4449.1100,4455.1100,1250.6859
2026-05-27 11:15:00,4455.1100,4457.4800,4450.1200,4454.3300,1011.3780
2026-05-27 11:20:00,4454.3100,4454.3100,4445.5000,4449.9500,2109.4693
2026-05-27 11:25:00,4450.0300,4450.6100,4443.6200,4445.2800,1361.2420
2026-05-27 11:30:00,4445.2900,4446.3100,4435.8500,4442.4900,3418.3238
2026-05-27 11:35:00,4442.5100,4448.9800,4439.0000,4446.0100,1500.6652
2026-05-27 11:40:00,4446.0100,4449.7700,4444.0000,4448.2600,1121.7690
2026-05-27 11:45:00,4448.2600,4450.4600,4444.0000,4444.0600,805.8608
2026-05-27 11:50:00,4444.0100,4444.6300,4438.1600,4438.1600,1356.4436
2026-05-27 11:55:00,4438.1600,4439.5500,4427.3500,4433.1800,3754.6307
2026-05-27 12:00:00,4433.1900,4442.3700,4432.1800,4439.0500,1620.7995
2026-05-27 12:05:00,4439.0500,4441.3500,4436.0500,4437.8900,975.4093
2026-05-27 12:10:00,4437.8800,4439.0200,4433.5800,4435.0100,752.9515
2026-05-27 12:15:00,4434.9300,4459.6300,4432.7800,4450.6300,3127.2885
2026-05-27 12:20:00,4451.2800,4469.5800,4446.9500,4458.4100,3837.2745
2026-05-27 12:25:00,4458.7000,4464.1900,4455.5100,4458.5400,1850.0439
2026-05-27 12:30:00,4458.4600,4464.1300,4450.0000,4451.6400,2226.5776
2026-05-27 12:35:00,4451.5500,4458.8000,4449.0700,4456.1900,1461.0862
2026-05-27 12:40:00,4456.6500,4456.7200,4450.8400,4452.0100,1299.9307
2026-05-27 12:45:00,4452.0000,4453.6100,4445.8200,4449.7200,1200.4617
2026-05-27 12:50:00,4449.7300,4451.6000,4444.5200,4450.3400,1063.0416
2026-05-27 12:55:00,4450.4400,4451.1100,4440.9400,4443.4600,1114.6526
2026-05-27 13:00:00,4443.3700,4444.2700,4435.7000,4436.9200,1975.5173
2026-05-27 13:05:00,4436.8400,4437.0900,4417.2900,4419.2200,4131.8485
2026-05-27 13:10:00,4419.2100,4425.4500,4417.0000,4421.4300,2582.3300
2026-05-27 13:15:00,4420.9900,4426.9500,4412.8100,4416.2800,3337.7659
2026-05-27 13:20:00,4416.2700,4422.4800,4411.0100,4420.9100,2610.7145
2026-05-27 13:25:00,4421.2700,4422.0000,4406.5000,4409.9500,3261.4021
2026-05-27 13:30:00,4409.9500,4428.6200,4409.9500,4427.9300,2445.2128
2026-05-27 13:35:00,4427.3600,4431.0800,4414.5500,4423.0200,2784.3836
2026-05-27 13:40:00,4423.1000,4427.2500,4420.5000,4424.2200,1210.9950
2026-05-27 13:45:00,4423.9800,4432.2800,4423.2900,4424.9200,1477.8810
2026-05-27 13:50:00,4424.8400,4437.7900,4423.7500,4429.4400,2324.2023
2026-05-27 13:55:00,4429.5800,4432.0000,4427.8000,4430.7100,927.2746
2026-05-27 14:00:00,4430.7100,4442.0000,4430.0200,4441.5900,1607.1758
2026-05-27 14:05:00,4441.5900,4449.9500,4439.0000,4446.9800,2788.7784
2026-05-27 14:10:00,4447.2900,4459.9400,4444.9500,4450.9700,3743.3117
2026-05-27 14:15:00,4450.9900,4455.0000,4449.2000,4453.5400,857.6985
2026-05-27 14:20:00,4453.5400,4457.4600,4445.3900,4446.7100,2115.0585
2026-05-27 14:25:00,4446.6200,4450.0000,4442.2600,4448.5600,1213.8132
2026-05-27 14:30:00,4448.4900,4455.0000,4436.4700,4444.0500,2553.8927
2026-05-27 14:35:00,4444.0900,4449.4700,4442.3100,4446.9200,1090.0151
2026-05-27 14:40:00,4446.9200,4447.8000,4442.4700,4445.9100,423.1458
2026-05-27 14:45:00,4445.9900,4448.4800,4442.4700,4442.4700,483.2513
2026-05-27 14:50:00,4442.4800,4444.8300,4439.2700,4442.4900,823.0971
2026-05-27 14:55:00,4442.6600,4442.6600,4436.4400,4437.0000,953.2685
2026-05-27 15:00:00,4436.7100,4442.7000,4433.5000,4439.1200,1072.5140
2026-05-27 15:05:00,4439.5100,4440.0500,4432.0000,4433.1000,939.6992
2026-05-27 15:10:00,4433.1900,4436.8100,4431.9000,4435.7100,1079.2282
2026-05-27 15:15:00,4435.7100,4437.1300,4433.2900,4434.7700,801.4181
2026-05-27 15:20:00,4434.6800,4437.9100,4433.8600,4437.3100,534.5862
2026-05-27 15:25:00,4437.3200,4439.2900,4435.9100,4439.1900,620.5448
2026-05-27 15:30:00,4439.8100,4444.7700,4438.6600,4442.3000,1782.9712
2026-05-27 15:35:00,4442.3800,4444.1700,4441.2400,4443.9200,548.4629
2026-05-27 15:40:00,4443.9300,4445.0000,4435.8000,4437.2300,1254.2334
2026-05-27 15:45:00,4437.1500,4441.0100,4434.7400,4436.0400,906.6974
2026-05-27 15:50:00,4436.1200,4438.2600,4434.1200,4436.8300,454.1109
2026-05-27 15:55:00,4436.8300,4440.3100,4435.1100,4439.0900,615.1703
2026-05-27 16:00:00,4439.1900,4447.6400,4437.7800,4440.6700,2451.5897
2026-05-27 16:05:00,4440.5900,4442.9000,4437.0600,4440.9600,585.0159
2026-05-27 16:10:00,4440.9800,4446.0000,4440.3700,4443.7900,554.6555
2026-05-27 16:15:00,4443.7800,4446.1900,4443.7800,4445.0400,520.7223
2026-05-27 16:20:00,4445.1200,4447.5400,4444.9500,4447.4100,363.0804
2026-05-27 16:25:00,4447.8400,4452.0200,4446.9600,4449.9000,1124.6495
2026-05-27 16:30:00,4449.8200,4454.5500,4448.2600,4451.6700,947.1343
2026-05-27 16:35:00,4451.6700,4454.4300,4451.5800,4453.1400,569.8590
2026-05-27 16:40:00,4453.1400,4456.5000,4452.5800,4454.0700,801.2125
2026-05-27 16:45:00,4454.1100,4457.4700,4452.4300,4455.1500,436.1276
2026-05-27 16:50:00,4455.0800,4456.2400,4452.9600,4453.0800,464.3281
2026-05-27 16:55:00,4453.0700,4454.7300,4452.3000,4453.3100,636.4844
2026-05-27 17:00:00,4453.3000,4454.3200,4448.8200,4451.8900,1005.8391
2026-05-27 17:05:00,4451.9700,4454.3300,4445.7200,4446.0100,1057.7241
2026-05-27 17:10:00,4445.9300,4448.5700,4444.4600,4447.3600,882.0610
2026-05-27 17:15:00,4447.2800,4451.4800,4446.6900,4449.5900,777.3944
2026-05-27 17:20:00,4449.6600,4452.8200,4449.0800,4450.0900,341.5206
2026-05-27 17:25:00,4450.0900,4455.0400,4448.8600,4453.0700,562.3015
2026-05-27 17:30:00,4453.3800,4455.6800,4451.7900,4454.7200,579.2476
2026-05-27 17:35:00,4454.7300,4458.4700,4453.9100,4454.0000,524.1008
2026-05-27 17:40:00,4454.0000,4456.1500,4453.0800,4453.8300,408.9210
2026-05-27 17:45:00,4453.5700,4455.0000,4453.0900,4453.5800,288.7732
2026-05-27 17:50:00,4453.8100,4457.3300,4453.7400,4455.9000,400.6467
2026-05-27 17:55:00,4455.9000,4456.8600,4453.0300,4453.4000,455.9161
2026-05-27 18:00:00,4453.4000,4456.2200,4451.4800,4452.8300,511.8413
2026-05-27 18:05:00,4452.9100,4453.2500,4450.1800,4451.5100,446.7085
2026-05-27 18:10:00,4451.5900,4454.3200,4450.9900,4453.1200,446.1261
2026-05-27 18:15:00,4453.2000,4456.0800,4453.1200,4455.8200,353.8875
2026-05-27 18:20:00,4455.9000,4461.1700,4455.8100,4458.0100,983.7831
2026-05-27 18:25:00,4458.0000,4459.6500,4455.3300,4458.8000,499.0604
2026-05-27 18:30:00,4458.7200,4460.8400,4455.8200,4456.1900,331.2010
2026-05-27 18:35:00,4456.1100,4457.2000,4453.6700,4456.0600,389.0546
2026-05-27 18:40:00,4456.0700,4457.4200,4455.8400,4456.2500,300.2598
2026-05-27 18:45:00,4455.9500,4457.4700,4455.5100,4456.2600,170.6137
2026-05-27 18:50:00,4456.2900,4456.5700,4455.1800,4455.5100,100.6555
2026-05-27 18:55:00,4455.5100,4457.7800,4455.4100,4457.3600,159.3815
2026-05-27 19:00:00,4457.2700,4457.5200,4455.5000,4455.7000,144.3069
2026-05-27 19:05:00,4455.7000,4456.2300,4455.5000,4455.6900,80.4898
2026-05-27 19:10:00,4455.6800,4455.7800,4453.2000,4455.4100,423.1520
2026-05-27 19:15:00,4455.3400,4455.5700,4452.7500,4453.1200,382.2101
2026-05-27 19:20:00,4453.2000,4458.4300,4453.1100,4456.6200,282.3766
2026-05-27 19:25:00,4456.6200,4456.6400,4453.8300,4454.3400,220.6334
2026-05-27 19:30:00,4454.3400,4457.3800,4451.7100,4456.0200,247.2185
2026-05-27 19:35:00,4456.0200,4459.5600,4455.3000,4457.7900,195.4985
2026-05-27 19:40:00,4457.7700,4458.2900,4455.6000,4456.7900,113.1261
2026-05-27 19:45:00,4456.8700,4456.8700,4455.0000,4455.0900,100.4068
2026-05-27 19:50:00,4454.7700,4455.7000,4454.0000,4454.2500,70.2484
2026-05-27 19:55:00,4454.1700,4454.2500,4451.9000,4454.1900,428.0609
2026-05-27 20:00:00,4454.1900,4456.8900,4453.5100,4456.8700,439.0033
2026-05-27 20:05:00,4456.8700,4457.5500,4454.7100,4457.3300,358.8546
2026-05-27 20:10:00,4457.3300,4461.0000,4457.0100,4459.9000,253.0616
2026-05-27 20:15:00,4459.5800,4464.7400,4459.5800,4462.3700,902.5505
2026-05-27 20:20:00,4462.2900,4463.8100,4460.3600,4461.0100,188.8136
2026-05-27 20:25:00,4461.0000,4461.9300,4458.1000,4459.0000,180.7701
2026-05-27 20:30:00,4459.0000,4460.6000,4457.7800,4458.9700,605.8446
2026-05-27 20:35:00,4458.9600,4458.9700,4455.8200,4456.4400,301.3414
2026-05-27 20:40:00,4456.4400,4458.1400,4454.7000,4457.4500,438.9140
2026-05-27 20:45:00,4457.4500,4459.2100,4456.3400,4458.1000,472.1833
2026-05-27 20:50:00,4458.0900,4459.5900,4457.2000,4459.2100,125.3928
2026-05-27 20:55:00,4459.2100,4461.9900,4458.3500,4461.0200,359.8050
2026-05-27 21:00:00,4460.9400,4462.7500,4459.8700,4459.8700,211.3132
2026-05-27 21:05:00,4459.8700,4461.5000,4459.5600,4459.6600,125.6467
2026-05-27 21:10:00,4459.5900,4460.6000,4459.3000,4459.7300,184.6667
2026-05-27 21:15:00,4459.8100,4459.8300,4459.6900,4459.7800,60.9322
2026-05-27 21:20:00,4459.7000,4459.8600,4459.1700,4459.8100,75.1839
2026-05-27 21:25:00,4459.8100,4463.1000,4459.1900,4460.2300,408.1166
2026-05-27 21:30:00,4460.3100,4460.3200,4457.5300,4458.4800,197.7308
2026-05-27 21:35:00,4458.4800,4458.7000,4457.6300,4458.1400,63.5103
2026-05-27 21:40:00,4458.0600,4458.7600,4456.1700,4456.3900,100.0082
2026-05-27 21:45:00,4456.3900,4459.0300,4456.3200,4457.0700,278.9691
2026-05-27 21:50:00,4457.0000,4458.7900,4456.9900,4458.7000,48.1113
2026-05-27 21:55:00,4458.7000,4460.1200,4457.8400,4458.9700,319.3916
2026-05-27 22:00:00,4458.8800,4467.9700,4458.1000,4460.0900,2015.0517
2026-05-27 22:05:00,4459.9500,4466.2400,4459.9500,4462.0800,654.9112
2026-05-27 22:10:00,4462.1000,4463.3500,4459.4700,4461.3100,550.8295
2026-05-27 22:15:00,4461.2300,4462.7600,4458.2300,4462.3000,362.3699
2026-05-27 22:20:00,4462.3000,4466.6700,4459.1400,4463.4300,716.6421
2026-05-27 22:25:00,4463.4300,4464.8900,4462.7700,4462.8600,295.1267
2026-05-27 22:30:00,4462.8600,4462.8600,4456.8500,4460.0900,653.2611
2026-05-27 22:35:00,4460.1000,4464.4700,4460.0900,4464.0000,394.5713
2026-05-27 22:40:00,4464.1500,4465.0000,4461.2600,4461.2900,192.7644
2026-05-27 22:45:00,4461.2900,4461.7200,4458.3600,4459.7400,383.4800
2026-05-27 22:50:00,4459.6600,4462.0000,4457.7500,4459.6600,216.8332
2026-05-27 22:55:00,4459.5800,4460.7600,4459.5800,4460.3100,65.5801
2026-05-27 23:00:00,4460.2200,4461.6100,4458.0600,4459.5900,300.9413
2026-05-27 23:05:00,4459.5700,4459.6600,4453.4300,4455.3100,650.9893
2026-05-27 23:10:00,4455.3100,4457.0000,4454.3400,4456.3000,324.3102
2026-05-27 23:15:00,4456.3000,4457.2800,4453.3700,4456.3700,212.7031
2026-05-27 23:20:00,4456.2900,4456.9700,4452.3000,4454.5100,457.1466
2026-05-27 23:25:00,4454.5100,4454.5500,4452.5000,4453.6900,169.1823
2026-05-27 23:30:00,4453.6900,4455.0100,4452.7600,4453.3100,280.5363
2026-05-27 23:35:00,4453.3900,4459.3700,4452.4800,4456.6700,529.4648
2026-05-27 23:40:00,4456.7500,4456.9100,4453.6300,4453.9200,262.2980
2026-05-27 23:45:00,4453.9200,4454.0000,4448.0000,4450.8900,851.2943
2026-05-27 23:50:00,4450.8900,4452.0000,4446.7400,4449.2600,383.1355
2026-05-27 23:55:00,4450.6800,4452.5000,4447.5200,4449.6000,318.5619
2026-05-28 00:00:00,4449.6000,4455.2100,4447.2300,4452.5700,261.8678
2026-05-28 00:05:00,4452.5000,4453.9900,4449.1900,4452.1400,238.6654
2026-05-28 00:10:00,4452.1400,4454.8400,4445.9700,4447.0600,445.3068
2026-05-28 00:15:00,4446.9800,4456.7500,4446.8000,4455.0800,427.3054
2026-05-28 00:20:00,4455.0000,4456.0500,4447.2600,4448.9800,641.3333
2026-05-28 00:25:00,4449.4000,4452.1500,4447.9700,4449.0800,300.9439
2026-05-28 00:30:00,4449.1600,4452.4500,4446.4100,4451.3700,471.3530
2026-05-28 00:35:00,4451.3700,4455.0000,4449.9900,4453.9000,230.3589
2026-05-28 00:40:00,4453.9100,4455.5200,4451.7700,4455.0000,369.8545
2026-05-28 00:45:00,4455.0000,4458.6100,4454.3300,4456.6000,391.7287
2026-05-28 00:50:00,4456.6800,4457.1800,4452.9600,4455.1100,437.6725
2026-05-28 00:55:00,4455.0000,4460.9500,4453.6200,4459.8300,671.5108
2026-05-28 01:00:00,4459.6100,4465.8300,4448.4900,4449.2600,1511.1197
2026-05-28 01:05:00,4449.3400,4451.7600,4446.3900,4447.4900,586.3486
2026-05-28 01:10:00,4447.4800,4449.0500,4441.3500,4441.6800,1093.5515
2026-05-28 01:15:00,4441.6900,4443.0000,4433.7700,4436.5500,1624.8190
2026-05-28 01:20:00,4436.5500,4437.7400,4428.9200,4434.1700,1100.1579
2026-05-28 01:25:00,4434.1700,4434.1700,4420.7400,4422.9800,1621.0072
2026-05-28 01:30:00,4422.8500,4430.6800,4420.0000,4428.5900,1352.1099
2026-05-28 01:35:00,4428.6600,4431.4000,4423.4100,4426.4400,587.4272
2026-05-28 01:40:00,4426.4400,4426.5600,4419.9000,4421.1600,758.0570
2026-05-28 01:45:00,4421.1700,4425.2100,4420.0200,4421.6700,556.0705
2026-05-28 01:50:00,4421.7500,4423.3400,4412.2800,4413.1700,1442.8772
2026-05-28 01:55:00,4413.1700,4415.1900,4411.0000,4413.7600,707.9332
2026-05-28 02:00:00,4413.6700,4417.1700,4408.0000,4408.8200,1531.9799
2026-05-28 02:05:00,4408.7300,4412.6700,4407.7700,4411.6600,592.0269
2026-05-28 02:10:00,4411.6600,4412.0200,4401.0000,4406.4100,2683.6630
2026-05-28 02:15:00,4406.4900,4409.9600,4406.4900,4408.0500,662.8886
2026-05-28 02:20:00,4408.1200,4410.9100,4405.0600,4409.4200,641.0886
2026-05-28 02:25:00,4409.4200,4412.7200,4409.1800,4409.7800,610.7673
2026-05-28 02:30:00,4409.7900,4415.9800,4408.2000,4412.8700,1289.8101
2026-05-28 02:35:00,4412.8700,4413.8400,4410.0000,4410.6300,367.2372
2026-05-28 02:40:00,4410.6300,4412.9000,4404.6000,4406.5600,886.3514
2026-05-28 02:45:00,4406.5600,4408.0000,4396.3700,4401.0100,1869.6988
2026-05-28 02:50:00,4401.0100,4402.6600,4396.5000,4400.5000,1275.7205
2026-05-28 02:55:00,4400.5000,4403.8700,4397.0600,4398.9000,1138.0196
2026-05-28 03:00:00,4398.8900,4401.9300,4395.0900,4399.0900,1557.8113
2026-05-28 03:05:00,4399.3000,4402.9700,4398.1500,4401.2600,643.3500
2026-05-28 03:10:00,4401.1800,4402.0000,4396.4500,4399.3300,508.7704
2026-05-28 03:15:00,4399.3300,4399.3400,4386.4900,4389.1000,2912.5462
2026-05-28 03:20:00,4389.2200,4391.3500,4384.7000,4390.1700,2001.3274
2026-05-28 03:25:00,4390.0900,4393.3800,4387.4700,4391.3600,643.7272
2026-05-28 03:30:00,4391.3500,4391.3500,4383.4000,4383.6100,1181.1370
2026-05-28 03:35:00,4383.6100,4384.6600,4373.0800,4376.8600,2940.7421
2026-05-28 03:40:00,4377.1800,4380.4800,4374.1800,4380.0100,652.4222
2026-05-28 03:45:00,4380.0100,4383.0400,4375.2300,4377.4600,1057.4430
2026-05-28 03:50:00,4377.4600,4379.7900,4374.2000,4377.9400,1041.6922
2026-05-28 03:55:00,4377.9400,4379.9400,4369.5500,4377.0400,2161.3305
2026-05-28 04:00:00,4377.0500,4380.0800,4375.0000,4378.7300,1269.6942
2026-05-28 04:05:00,4378.9700,4386.0000,4378.0600,4385.2000,1399.7330
2026-05-28 04:10:00,4385.2000,4385.6800,4377.8200,4379.7600,1147.0608
2026-05-28 04:15:00,4379.7600,4382.3100,4372.9500,4373.5700,1381.0349
2026-05-28 04:20:00,4373.3000,4376.4000,4369.6100,4375.6700,1297.5129
2026-05-28 04:25:00,4375.6600,4375.9800,4370.0200,4371.6300,1212.7973
2026-05-28 04:30:00,4371.6300,4376.9900,4371.6200,4375.6000,828.9893
2026-05-28 04:35:00,4375.6000,4378.7000,4374.7800,4376.6900,649.1029
2026-05-28 04:40:00,4376.6800,4379.1700,4375.0000,4378.4400,465.3849
2026-05-28 04:45:00,4377.9400,4379.0700,4373.7000,4373.7000,573.0122
2026-05-28 04:50:00,4374.0000,4377.0400,4371.3600,4375.6400,514.6814
2026-05-28 04:55:00,4375.6400,4379.0600,4375.6300,4377.4700,336.3280
2026-05-28 05:00:00,4377.4700,4378.3100,4371.6500,4374.6700,977.3484
2026-05-28 05:05:00,4374.6700,4378.0400,4372.4900,4375.3500,560.7466
2026-05-28 05:10:00,4375.3400,4382.3300,4375.1100,4379.0000,907.1226
2026-05-28 05:15:00,4378.8400,4380.6200,4375.1200,4379.2200,801.0598
2026-05-28 05:20:00,4379.2300,4381.0000,4375.9700,4380.6500,532.4015
2026-05-28 05:25:00,4380.6500,4384.0200,4378.5000,4382.2900,790.5789
2026-05-28 05:30:00,4382.3000,4392.2800,4379.9800,4390.3000,2161.8998
2026-05-28 05:35:00,4390.3800,4394.6200,4388.1400,4394.2600,1640.6775
2026-05-28 05:40:00,4394.5200,4396.1700,4391.0000,4392.9300,1112.5128
2026-05-28 05:45:00,4393.2200,4397.7000,4393.0100,4395.4900,1006.9679
2026-05-28 05:50:00,4395.4100,4399.4000,4392.4000,4396.5100,883.4495
2026-05-28 05:55:00,4396.6000,4397.1200,4391.1500,4391.4800,1055.1371
2026-05-28 06:00:00,4391.3900,4393.5100,4388.3400,4390.8200,1371.7856
2026-05-28 06:05:00,4390.7400,4390.9100,4382.3400,4383.3600,1333.1982
2026-05-28 06:10:00,4383.7000,4385.1000,4378.3600,4380.4400,1242.4598
2026-05-28 06:15:00,4380.3500,4384.0000,4377.0800,4382.9700,1265.0313
2026-05-28 06:20:00,4382.9700,4388.0000,4382.8900,4385.9300,913.1755
2026-05-28 06:25:00,4385.9200,4388.9400,4383.1500,4384.0600,385.5068
2026-05-28 06:30:00,4384.0600,4388.6000,4382.6400,4386.4400,443.7685
2026-05-28 06:35:00,4386.4500,4390.0000,4385.4800,4385.7700,660.9213
2026-05-28 06:40:00,4385.7600,4387.0500,4381.0200,4384.3400,583.6462
2026-05-28 06:45:00,4384.2500,4389.0000,4382.7000,4387.0100,712.1305
2026-05-28 06:50:00,4387.0100,4388.0300,4385.0200,4386.6000,333.0535
2026-05-28 06:55:00,4386.5900,4388.2500,4385.4000,4387.2900,321.9547
2026-05-28 07:00:00,4387.8000,4393.7000,4387.8000,4390.8500,875.0065
2026-05-28 07:05:00,4390.8400,4396.0800,4389.9000,4394.9700,920.5559
2026-05-28 07:10:00,4394.9700,4395.3500,4390.2000,4392.6800,522.3682
2026-05-28 07:15:00,4392.6700,4398.2000,4390.0000,4397.7800,781.0923
2026-05-28 07:20:00,4397.7900,4398.6300,4395.6000,4396.7000,1137.9327
2026-05-28 07:25:00,4396.6200,4399.0000,4394.1000,4395.2900,587.3206
2026-05-28 07:30:00,4395.2900,4396.0100,4391.8900,4392.4300,1215.3937
2026-05-28 07:35:00,4392.4300,4397.0900,4391.9100,4392.9600,673.1580
2026-05-28 07:40:00,4392.9500,4392.9600,4387.7400,4391.3200,1068.6987
2026-05-28 07:45:00,4391.3100,4393.1900,4388.6400,4390.9000,514.0275
2026-05-28 07:50:00,4390.9800,4393.3900,4386.2400,4388.1100,792.4445
2026-05-28 07:55:00,4388.1100,4391.3100,4387.0000,4390.5300,748.7451
2026-05-28 08:00:00,4390.7700,4397.2000,4388.8000,4390.8700,890.3558
2026-05-28 08:05:00,4390.8700,4396.4900,4389.6100,4396.4000,517.3539
2026-05-28 08:10:00,4396.5300,4398.0000,4393.3800,4395.8200,764.2233
2026-05-28 08:15:00,4395.9000,4397.0000,4394.4800,4395.2200,437.4722
2026-05-28 08:20:00,4395.2900,4397.8500,4394.7000,4395.6000,364.2519
2026-05-28 08:25:00,4395.2200,4396.4600,4390.3300,4392.7200,687.0758
2026-05-28 08:30:00,4392.7200,4394.5500,4387.6800,4394.5500,1323.8160
2026-05-28 08:35:00,4394.5500,4397.0000,4392.0600,4394.8300,776.0299
2026-05-28 08:40:00,4394.7500,4396.0600,4392.6200,4393.4800,281.4446
2026-05-28 08:45:00,4393.4800,4394.7600,4388.8700,4393.7500,1143.2811
2026-05-28 08:50:00,4393.7500,4394.9300,4390.5000,4391.7700,573.0641
2026-05-28 08:55:00,4391.7700,4391.9600,4388.4400,4390.4000,499.9489
2026-05-28 09:00:00,4390.4900,4395.4300,4390.0200,4391.9600,630.1008
2026-05-28 09:05:00,4392.0600,4394.3600,4391.6700,4392.7100,208.1574
2026-05-28 09:10:00,4392.7100,4393.7300,4390.0600,4392.3300,437.7249
2026-05-28 09:15:00,4392.2400,4395.0000,4390.5000,4393.0500,448.5286
2026-05-28 09:20:00,4393.0600,4402.0000,4392.7800,4398.2300,1608.7667
2026-05-28 09:25:00,4398.2300,4400.9500,4396.5200,4399.3800,465.1797
2026-05-28 09:30:00,4399.2000,4400.9100,4394.3000,4395.9900,1034.6350
2026-05-28 09:35:00,4396.0000,4398.8500,4395.4100,4396.0300,591.3061
2026-05-28 09:40:00,4396.0300,4396.7000,4392.6000,4394.7900,723.6369
2026-05-28 09:45:00,4394.7900,4397.2800,4393.3500,4396.5500,276.7504
2026-05-28 09:50:00,4396.5600,4399.6000,4396.1000,4398.3700,778.9516
2026-05-28 09:55:00,4397.8300,4398.9000,4396.5000,4397.0900,363.4638
2026-05-28 10:00:00,4397.2000,4399.3800,4395.7000,4397.3100,622.6579
2026-05-28 10:05:00,4397.3100,4403.8400,4397.0000,4403.8100,961.5452
2026-05-28 10:10:00,4403.8000,4405.2400,4401.6900,4402.6100,1135.9146
2026-05-28 10:15:00,4402.6500,4403.1000,4400.8800,4401.9900,601.7661
2026-05-28 10:20:00,4402.0000,4402.0800,4396.2800,4399.1100,1037.4322
2026-05-28 10:25:00,4399.1100,4405.0000,4397.9800,4404.1500,864.7546
2026-05-28 10:30:00,4404.1400,4405.7500,4401.4100,4401.5600,931.6104
2026-05-28 10:35:00,4401.6500,4402.7700,4399.9800,4400.8200,463.2640
2026-05-28 10:40:00,4400.9100,4402.4800,4391.6400,4392.6900,2217.9537
2026-05-28 10:45:00,4392.6100,4393.7300,4382.8700,4384.4700,2858.7665
2026-05-28 10:50:00,4384.4700,4388.9600,4380.0000,4385.5600,1813.8813
2026-05-28 10:55:00,4385.5500,4390.5200,4385.5500,4386.1800,1184.1844
2026-05-28 11:00:00,4386.1800,4392.8000,4384.0000,4391.2800,630.9161
2026-05-28 11:05:00,4391.2800,4394.2300,4387.3500,4389.7100,833.2762
2026-05-28 11:10:00,4389.7100,4391.3100,4388.6500,4390.1200,366.2431
2026-05-28 11:15:00,4390.0000,4393.3500,4389.8300,4392.0500,495.3521
2026-05-28 11:20:00,4392.0500,4393.6100,4387.3400,4389.6800,647.7003
2026-05-28 11:25:00,4389.6800,4391.4800,4386.0000,4387.8000,550.1432
2026-05-28 11:30:00,4387.7200,4390.0500,4383.8200,4389.8600,1271.4009
2026-05-28 11:35:00,4389.8500,4393.7300,4388.7300,4391.4400,757.5663
2026-05-28 11:40:00,4391.4400,4393.7200,4388.4200,4389.3000,851.7973
2026-05-28 11:45:00,4389.3000,4389.3000,4386.3300,4386.4400,597.3602
2026-05-28 11:50:00,4386.0400,4389.5100,4384.7500,4386.8600,641.8341
2026-05-28 11:55:00,4386.7700,4391.2900,4386.4900,4390.8700,493.0016
2026-05-28 12:00:00,4390.7800,4394.9700,4390.7800,4393.1600,948.7378
2026-05-28 12:05:00,4393.2300,4396.5500,4392.0000,4394.3700,1202.1107
2026-05-28 12:10:00,4394.2900,4395.9200,4390.7600,4395.2400,713.1290
2026-05-28 12:15:00,4395.3200,4395.8600,4390.0200,4391.1000,1111.5929
2026-05-28 12:20:00,4391.1100,4392.5600,4383.2500,4384.1900,1105.4439
2026-05-28 12:25:00,4384.1800,4389.0100,4384.1800,4388.2100,694.7641
2026-05-28 12:30:00,4388.2100,4399.0000,4386.0000,4394.9900,2036.0660
2026-05-28 12:35:00,4395.0000,4407.4200,4393.2600,4402.2400,2173.5666
2026-05-28 12:40:00,4402.1600,4405.7600,4399.9300,4405.2000,1343.9026
2026-05-28 12:45:00,4405.5000,4413.5000,4403.6400,4412.3500,1988.0530
2026-05-28 12:50:00,4412.4400,4425.0000,4411.5800,4423.2300,2918.9192
2026-05-28 12:55:00,4423.1600,4435.7300,4423.0000,4434.5400,3111.7978
2026-05-28 13:00:00,4433.1400,4439.5200,4430.6400,4435.4400,2937.2818
2026-05-28 13:05:00,4435.4400,4440.9500,4428.0000,4429.3600,2429.4964
2026-05-28 13:10:00,4429.2800,4433.3300,4426.9200,4429.8400,1396.0112
2026-05-28 13:15:00,4429.8400,4435.0000,4428.2400,4434.0900,1499.2207
2026-05-28 13:20:00,4433.9300,4438.0000,4428.5600,4432.5900,880.4539
2026-05-28 13:25:00,4432.5900,4436.0500,4431.0000,4431.4400,686.6346
2026-05-28 13:30:00,4431.7900,4432.6700,4421.2400,4421.8800,1578.8974
2026-05-28 13:35:00,4423.2200,4429.8000,4421.3900,4427.6700,1179.7359
2026-05-28 13:40:00,4427.6700,4428.4600,4422.9800,4425.8400,1023.6542
2026-05-28 13:45:00,4425.6300,4433.7700,4424.9900,4428.7900,1345.3538
2026-05-28 13:50:00,4428.6100,4437.0800,4428.6100,4434.2100,1712.7125
2026-05-28 13:55:00,4434.2100,4436.0000,4429.6300,4433.3000,952.2358
2026-05-28 14:00:00,4433.2200,4435.9500,4424.0500,4427.5200,1570.2489
2026-05-28 14:05:00,4427.6500,4446.9900,4427.3800,4442.1000,2346.2277
2026-05-28 14:10:00,4442.1200,4470.3800,4434.0300,4467.6700,4851.7774
2026-05-28 14:15:00,4467.6600,4475.8200,4455.0000,4467.4300,4194.0373
2026-05-28 14:20:00,4467.4600,4469.5300,4457.7400,4464.0000,2244.1424
2026-05-28 14:25:00,4464.0000,4468.4100,4460.7300,4463.5400,1351.0404
2026-05-28 14:30:00,4463.3700,4470.2900,4457.5300,4459.6000,1787.8988
2026-05-28 14:35:00,4459.6900,4462.7300,4456.1600,4462.0900,880.3524
2026-05-28 14:40:00,4462.0100,4472.5000,4461.3300,4471.5000,1614.3867
2026-05-28 14:45:00,4471.3000,4485.9300,4468.3600,4470.7200,5297.4596
2026-05-28 14:50:00,4470.7200,4481.0200,4469.1500,4473.4200,1274.0413
2026-05-28 14:55:00,4473.4200,4473.4200,4463.2300,4471.2500,1604.3620
2026-05-28 15:00:00,4471.2400,4479.0100,4470.3500,4476.6500,1997.2300
2026-05-28 15:05:00,4476.5700,4481.8000,4474.5600,4475.7200,1666.7085
2026-05-28 15:10:00,4475.9800,4477.7700,4472.4200,4473.8800,1728.4892
2026-05-28 15:15:00,4474.1200,4475.9600,4472.8300,4474.9200,478.8233
2026-05-28 15:20:00,4474.9200,4479.9200,4471.6600,4478.1800,1065.1980
2026-05-28 15:25:00,4478.3200,4484.8500,4477.3600,4479.2800,2018.0511
2026-05-28 15:30:00,4479.5500,4483.5400,4479.5500,4483.0200,1205.1943
2026-05-28 15:35:00,4483.0200,4488.4900,4480.0000,4481.4600,2043.1940
2026-05-28 15:40:00,4481.3700,4483.3200,4478.5000,4481.4600,904.0870
2026-05-28 15:45:00,4481.5500,4485.7800,4480.2700,4481.4000,762.0434
2026-05-28 15:50:00,4481.3900,4485.0000,4480.5400,4482.1100,799.8885
2026-05-28 15:55:00,4482.0300,4486.0400,4480.6800,4484.1300,698.3992
2026-05-28 16:00:00,4484.2200,4485.1900,4480.3800,4482.9600,1236.2127
2026-05-28 16:05:00,4482.8700,4487.8000,4482.8700,4484.1800,878.7140
2026-05-28 16:10:00,4484.1000,4487.8000,4483.5000,4486.8100,914.9151
2026-05-28 16:15:00,4486.9400,4500.5900,4486.3300,4499.1400,3628.6670
2026-05-28 16:20:00,4499.1400,4509.7300,4496.2000,4504.0000,4225.8802
2026-05-28 16:25:00,4504.0000,4505.9700,4499.9300,4503.0700,1799.1193
2026-05-28 16:30:00,4503.1000,4504.7400,4498.1400,4500.7100,1556.1265
2026-05-28 16:35:00,4500.7100,4504.8600,4499.8500,4501.7300,856.2835
2026-05-28 16:40:00,4501.8100,4509.6000,4500.4800,4506.5800,1009.1363
2026-05-28 16:45:00,4506.5800,4510.0000,4506.4600,4507.8300,1202.4371
2026-05-28 16:50:00,4507.8500,4513.4000,4506.7400,4511.1700,1363.5021
2026-05-28 16:55:00,4511.0300,4513.1000,4509.5300,4512.5700,956.8623
2026-05-28 17:00:00,4512.5700,4516.0000,4510.6800,4512.3700,1248.8581
2026-05-28 17:05:00,4512.2800,4512.7900,4507.7600,4511.4400,999.2990
2026-05-28 17:10:00,4511.4300,4512.0000,4506.5300,4506.9600,558.5166
2026-05-28 17:15:00,4507.0400,4509.7000,4505.2500,4506.6800,1244.1881
2026-05-28 17:20:00,4506.6800,4507.6000,4504.9000,4506.6600,830.5615
2026-05-28 17:25:00,4506.7000,4507.8100,4501.2000,4503.8400,875.8554
2026-05-28 17:30:00,4504.4700,4509.1000,4504.4500,4507.1100,958.3409
2026-05-28 17:35:00,4507.1100,4508.7600,4505.1500,4507.5600,318.8555
2026-05-28 17:40:00,4507.5500,4508.8000,4505.6000,4507.0800,270.1013
2026-05-28 17:45:00,4507.0800,4511.2700,4506.9000,4510.0000,466.4289
2026-05-28 17:50:00,4510.0100,4512.2100,4507.5900,4509.7300,549.9665
2026-05-28 17:55:00,4509.8100,4511.8500,4509.7300,4510.8700,264.3394
2026-05-28 18:00:00,4510.9600,4518.8000,4510.8600,4515.4600,1421.2176
2026-05-28 18:05:00,4515.5500,4516.3300,4511.6000,4511.9100,614.4205
2026-05-28 18:10:00,4511.9900,4511.9900,4507.8400,4509.3300,690.0840
2026-05-28 18:15:00,4509.4100,4512.8900,4506.8400,4511.8800,597.4685
2026-05-28 18:20:00,4511.7900,4513.4200,4509.4200,4510.7400,388.6301
2026-05-28 18:25:00,4510.6400,4510.7400,4508.1200,4508.6400,360.6842
2026-05-28 18:30:00,4508.7100,4509.4600,4503.1800,4504.2300,1135.4835
2026-05-28 18:35:00,4504.3100,4506.0100,4501.7100,4504.3000,1204.6690
2026-05-28 18:40:00,4504.2200,4504.9400,4503.4900,4504.0400,258.3966
2026-05-28 18:45:00,4504.0400,4504.3900,4500.1400,4501.0800,585.5298
2026-05-28 18:50:00,4501.0800,4505.5500,4500.9100,4505.2300,897.8181
2026-05-28 18:55:00,4505.1500,4505.3800,4502.9700,4503.3900,266.7032
2026-05-28 19:00:00,4503.3900,4505.8000,4502.7900,4503.6600,335.4741
2026-05-28 19:05:00,4503.7300,4504.3100,4500.2100,4501.1800,257.3595
2026-05-28 19:10:00,4501.1800,4503.9700,4500.7000,4501.5200,543.0118
2026-05-28 19:15:00,4501.7500,4503.4100,4501.7300,4503.1200,357.2466
2026-05-28 19:20:00,4503.0400,4505.8400,4502.0000,4504.5400,283.7588
2026-05-28 19:25:00,4504.5500,4504.5500,4501.9300,4502.3400,429.6203
2026-05-28 19:30:00,4502.3400,4504.4000,4502.0700,4503.1000,464.2367
2026-05-28 19:35:00,4503.0200,4503.7500,4501.1000,4503.2900,253.5504
2026-05-28 19:40:00,4503.2900,4503.3000,4501.1400,4501.3000,147.3949
2026-05-28 19:45:00,4501.3000,4502.1000,4500.6600,4500.7600,181.3701
2026-05-28 19:50:00,4500.6800,4501.5200,4497.4300,4500.3100,798.7000
2026-05-28 19:55:00,4500.3100,4501.0500,4498.9300,4499.6400,312.1798
2026-05-28 20:00:00,4499.4500,4499.7400,4496.2800,4497.5100,378.9396
2026-05-28 20:05:00,4497.5100,4497.8800,4496.3400,4497.7100,197.3990
2026-05-28 20:10:00,4497.7100,4500.2400,4497.6200,4499.2200,325.4613
2026-05-28 20:15:00,4499.1400,4502.4900,4498.2500,4499.5900,593.8537
2026-05-28 20:20:00,4499.5900,4500.7500,4497.8900,4499.4800,338.2531
2026-05-28 20:25:00,4499.5600,4500.8000,4498.9400,4500.7200,192.6000
2026-05-28 20:30:00,4500.8000,4502.0400,4499.8600,4501.8000,417.2503
2026-05-28 20:35:00,4501.8000,4501.8800,4497.9100,4498.8500,275.8367
2026-05-28 20:40:00,4498.9300,4499.1800,4497.2600,4497.5100,225.6587
2026-05-28 20:45:00,4497.5100,4497.9700,4495.8000,4497.7300,199.4059
2026-05-28 20:50:00,4497.7300,4498.8600,4497.1000,4497.8000,112.2576
2026-05-28 20:55:00,4497.8000,4498.2400,4497.1600,4497.9300,180.1136
2026-05-28 21:00:00,4497.9200,4498.1100,4497.9200,4497.9300,115.4863
2026-05-28 21:05:00,4497.9300,4497.9300,4496.2800,4497.5200,163.2703
2026-05-28 21:10:00,4497.4400,4498.7300,4497.4400,4498.5700,127.2094
2026-05-28 21:15:00,4498.4900,4498.5900,4498.2000,4498.2100,75.6482
2026-05-28 21:20:00,4498.2000,4498.2100,4497.2800,4497.9300,61.8500
2026-05-28 21:25:00,4497.9300,4497.9500,4497.1600,4497.5900,83.8706
2026-05-28 21:30:00,4497.5100,4497.9400,4497.5000,4497.9300,84.9198
2026-05-28 21:35:00,4497.8500,4497.9300,4497.8300,4497.9200,47.6021
2026-05-28 21:40:00,4497.9200,4497.9300,4497.2600,4497.3600,20.1132
2026-05-28 21:45:00,4497.2800,4497.7700,4497.2600,4497.2800,71.9147
2026-05-28 21:50:00,4497.3600,4497.9400,4496.1200,4497.7300,88.1177
2026-05-28 21:55:00,4497.7300,4497.8800,4496.4900,4497.6600,111.9866
2026-05-28 22:00:00,4497.6700,4502.1300,4497.2700,4499.8900,703.9321
2026-05-28 22:05:00,4499.8800,4500.6100,4493.8000,4496.4400,951.0765
2026-05-28 22:10:00,4496.4400,4497.5500,4494.8000,4496.3800,194.0633
2026-05-28 22:15:00,4496.3000,4497.2600,4495.7200,4496.2800,139.5969
2026-05-28 22:20:00,4496.2800,4497.3600,4495.0300,4496.3700,116.5022
2026-05-28 22:25:00,4496.3700,4499.3200,4495.6300,4498.1700,251.2126
2026-05-28 22:30:00,4498.2500,4498.6900,4496.1100,4496.5800,179.3231
2026-05-28 22:35:00,4496.5800,4498.0000,4495.0100,4496.5100,211.1387
2026-05-28 22:40:00,4496.5100,4498.0800,4495.8800,4497.7400,113.1019
2026-05-28 22:45:00,4497.8200,4498.3900,4495.7300,4497.1200,216.3964
2026-05-28 22:50:00,4497.0400,4497.1300,4494.7300,4495.3600,123.8776
2026-05-28 22:55:00,4495.2800,4496.0000,4492.9400,4493.2000,373.5956
2026-05-28 23:00:00,4493.1100,4497.2000,4493.1100,4496.7200,277.7131
2026-05-28 23:05:00,4496.7200,4497.0000,4496.0300,4496.6700,144.5524
2026-05-28 23:10:00,4496.5900,4498.4500,4495.6200,4496.8700,180.9177
2026-05-28 23:15:00,4496.8700,4501.1700,4496.0600,4498.0200,242.4957
2026-05-28 23:20:00,4498.0200,4498.0300,4496.5300,4497.0300,264.4003
2026-05-28 23:25:00,4497.0300,4497.1100,4494.7800,4495.2700,335.6253
2026-05-28 23:30:00,4495.1800,4497.5300,4492.7800,4496.1600,430.4994
2026-05-28 23:35:00,4496.2400,4497.0200,4494.0200,4494.8900,250.7520
2026-05-28 23:40:00,4494.8900,4495.0400,4490.8000,4491.9000,1064.0315
2026-05-28 23:45:00,4491.8100,4493.9700,4491.2400,4492.6000,515.2320
2026-05-28 23:50:00,4492.6000,4496.9900,4492.3200,4494.7700,965.5174
2026-05-28 23:55:00,4494.7700,4499.2900,4494.5900,4497.6300,1391.0930
2026-05-29 00:00:00,4497.6800,4502.0200,4493.1700,4497.6500,1251.7345
2026-05-29 00:05:00,4497.6500,4500.2000,4494.8000,4496.8500,199.2336
2026-05-29 00:10:00,4497.0400,4501.9500,4495.2600,4500.2700,740.8370
2026-05-29 00:15:00,4499.8600,4503.8700,4497.6100,4502.2700,627.1006
2026-05-29 00:20:00,4502.3500,4503.4400,4499.0100,4500.4300,421.2016
2026-05-29 00:25:00,4500.5100,4503.3100,4499.9600,4502.3800,365.4914
2026-05-29 00:30:00,4502.4700,4502.6600,4496.9900,4498.3700,374.0032
2026-05-29 00:35:00,4498.0000,4499.4400,4495.2600,4497.1000,518.1670
2026-05-29 00:40:00,4497.0900,4501.1100,4497.0100,4501.0400,321.3677
2026-05-29 00:45:00,4500.6300,4500.7600,4495.5700,4497.4400,329.6207
2026-05-29 00:50:00,4497.4400,4498.9500,4495.7100,4496.2300,392.5666
2026-05-29 00:55:00,4496.2300,4497.8100,4493.3500,4496.9800,494.1360
2026-05-29 01:00:00,4496.9700,4504.9000,4495.9100,4502.9800,1268.5577
2026-05-29 01:05:00,4502.9800,4511.8200,4501.5000,4510.9400,1766.2482
2026-05-29 01:10:00,4511.0200,4517.7500,4510.6100,4517.4100,977.0631
2026-05-29 01:15:00,4517.3300,4525.5400,4516.4100,4522.1300,1826.1673
2026-05-29 01:20:00,4522.2200,4523.2000,4514.3400,4516.3200,1158.5650
2026-05-29 01:25:00,4516.1200,4517.4800,4506.9700,4508.3700,1383.2768
2026-05-29 01:30:00,4508.2900,4509.3800,4505.0000,4506.7100,770.1290
2026-05-29 01:35:00,4506.7200,4512.1400,4503.9000,4509.4900,1228.4733
2026-05-29 01:40:00,4509.4900,4512.0000,4508.0600,4509.6000,443.7416
2026-05-29 01:45:00,4509.6100,4509.7100,4503.5200,4505.2800,572.6352
2026-05-29 01:50:00,4505.2900,4509.0700,4504.2900,4509.0600,700.8737
2026-05-29 01:55:00,4508.9800,4510.0000,4504.5300,4508.6800,496.6406
2026-05-29 02:00:00,4508.9300,4514.5500,4508.5700,4513.0200,1235.3323
2026-05-29 02:05:00,4512.9300,4513.4600,4507.0100,4508.7200,744.2558
2026-05-29 02:10:00,4508.7200,4510.6600,4506.8900,4509.6600,547.6332
2026-05-29 02:15:00,4509.5800,4511.9800,4507.2100,4508.5500,390.5364
2026-05-29 02:20:00,4508.5500,4509.0000,4505.9600,4507.1800,513.7076
2026-05-29 02:25:00,4507.1800,4507.5400,4504.2800,4505.4600,365.9269
2026-05-29 02:30:00,4505.4700,4508.4900,4499.0100,4506.8300,1272.0695
2026-05-29 02:35:00,4506.7500,4511.3400,4505.7200,4508.5800,1330.6263
2026-05-29 02:40:00,4508.5700,4511.0000,4504.9100,4507.2800,1302.7951
2026-05-29 02:45:00,4507.2800,4509.7300,4506.7600,4508.5700,357.8196
2026-05-29 02:50:00,4508.5700,4508.5700,4504.3600,4505.3300,509.5702
2026-05-29 02:55:00,4505.4100,4507.3200,4503.8400,4504.2200,233.9382
2026-05-29 03:00:00,4504.2200,4504.2900,4501.1400,4503.8800,317.3731
2026-05-29 03:05:00,4503.8000,4503.8900,4498.1200,4500.7100,560.1514
2026-05-29 03:10:00,4500.7000,4502.7500,4495.5200,4499.0700,790.4453
2026-05-29 03:15:00,4499.0700,4500.9300,4497.5900,4498.6500,293.6608
2026-05-29 03:20:00,4498.6500,4502.7400,4498.6500,4501.1400,687.4201
2026-05-29 03:25:00,4501.0600,4501.1500,4497.1400,4499.3700,478.6303
2026-05-29 03:30:00,4499.5400,4501.2100,4498.8200,4499.9400,360.5898
2026-05-29 03:35:00,4499.9400,4500.7700,4497.6200,4498.9800,437.8789
2026-05-29 03:40:00,4498.9700,4502.5000,4497.0500,4500.6300,366.9620
2026-05-29 03:45:00,4500.2300,4502.3800,4500.2300,4502.3000,274.7982
2026-05-29 03:50:00,4502.3000,4504.0500,4498.0000,4501.7500,636.0639
2026-05-29 03:55:00,4501.7500,4504.6100,4500.8300,4503.6000,368.8302
2026-05-29 04:00:00,4503.5200,4508.1100,4503.2200,4505.0600,708.9876
2026-05-29 04:05:00,4505.0600,4506.3400,4503.0800,4505.1400,297.6308
2026-05-29 04:10:00,4505.5300,4506.4800,4504.1000,4504.6800,137.1799
2026-05-29 04:15:00,4504.5400,4506.7600,4502.9100,4506.0100,696.7055
2026-05-29 04:20:00,4506.0100,4512.4800,4505.2000,4511.3100,947.2658
2026-05-29 04:25:00,4511.3900,4512.5000,4509.1600,4509.9200,1189.0437
2026-05-29 04:30:00,4509.9900,4511.6800,4509.2900,4510.2100,405.8320
2026-05-29 04:35:00,4510.2000,4512.0800,4508.4600,4510.4000,462.4183
2026-05-29 04:40:00,4510.4800,4511.7100,4510.2600,4511.6300,201.7524
2026-05-29 04:45:00,4511.6300,4512.0900,4509.6200,4510.3800,573.6718
2026-05-29 04:50:00,4510.4600,4510.9400,4509.5100,4510.4000,203.3971
2026-05-29 04:55:00,4510.3200,4516.0000,4509.3500,4515.2400,833.6848
2026-05-29 05:00:00,4515.2400,4518.0200,4512.1500,4512.3400,900.1045
2026-05-29 05:05:00,4512.3400,4512.8300,4510.1000,4512.0100,552.0377
2026-05-29 05:10:00,4512.0100,4514.0000,4510.9800,4513.7900,271.7938
2026-05-29 05:15:00,4513.7800,4514.0000,4510.9400,4513.2600,338.2524
2026-05-29 05:20:00,4513.1800,4513.3700,4511.5200,4511.6500,294.7854
2026-05-29 05:25:00,4511.6800,4512.4800,4511.5400,4511.7300,175.8992
2026-05-29 05:30:00,4511.7300,4513.0000,4509.1000,4510.6800,498.4137
2026-05-29 05:35:00,4510.6000,4510.6900,4504.3300,4506.3000,1337.3226
2026-05-29 05:40:00,4506.2100,4510.0000,4504.2000,4508.9200,1046.5516
2026-05-29 05:45:00,4508.8400,4510.6500,4507.8900,4508.2300,310.1913
2026-05-29 05:50:00,4508.1500,4518.0300,4506.1700,4516.8400,1600.4974
2026-05-29 05:55:00,4516.9200,4517.1600,4512.3300,4516.5000,752.2104
2026-05-29 06:00:00,4516.5000,4524.6000,4516.2400,4521.8200,1554.3243
2026-05-29 06:05:00,4521.5200,4522.2100,4517.0000,4517.0100,822.0490
2026-05-29 06:10:00,4517.0100,4518.6900,4513.7400,4517.7300,1241.3426
2026-05-29 06:15:00,4517.8100,4520.9800,4511.2200,4514.1000,1036.2941
2026-05-29 06:20:00,4514.0900,4521.7400,4514.0900,4520.6600,845.5429
2026-05-29 06:25:00,4520.3800,4523.5000,4517.1300,4519.0200,1188.6775
2026-05-29 06:30:00,4519.2000,4522.1400,4518.5400,4519.5900,866.7776
2026-05-29 06:35:00,4519.9400,4520.9300,4515.1200,4516.8000,576.2670
2026-05-29 06:40:00,4516.8900,4519.5400,4512.9900,4518.3500,522.3095
2026-05-29 06:45:00,4518.3500,4521.7400,4516.8900,4519.4700,487.8855
2026-05-29 06:50:00,4519.4700,4523.8900,4518.6200,4523.2900,532.7100
2026-05-29 06:55:00,4523.2900,4527.1000,4522.9800,4524.5500,815.4078
2026-05-29 07:00:00,4524.5600,4525.1700,4521.1300,4521.5400,1082.0415
2026-05-29 07:05:00,4521.4300,4523.5500,4520.0000,4521.6600,451.2294
2026-05-29 07:10:00,4521.8900,4523.4400,4517.8500,4518.9200,921.7887
2026-05-29 07:15:00,4519.0100,4519.1800,4515.4700,4517.9800,819.6223
2026-05-29 07:20:00,4517.9800,4518.2400,4513.7200,4514.3900,435.1215
2026-05-29 07:25:00,4514.1500,4515.9800,4513.1200,4515.9700,620.2202
2026-05-29 07:30:00,4515.7600,4525.3900,4514.9400,4522.9700,2274.7104
2026-05-29 07:35:00,4523.2900,4527.4000,4521.7000,4523.5900,1244.6153
2026-05-29 07:40:00,4523.6000,4528.0000,4521.5100,4527.4000,1104.3458
2026-05-29 07:45:00,4527.3000,4528.3300,4524.6000,4526.1300,894.0421
2026-05-29 07:50:00,4526.1300,4527.2700,4523.5500,4524.9700,749.4359
2026-05-29 07:55:00,4525.2000,4527.2400,4524.4900,4526.4500,273.3732
2026-05-29 08:00:00,4526.0100,4527.0000,4521.1800,4521.3400,1072.1651
2026-05-29 08:05:00,4521.4400,4523.3600,4517.1500,4518.0800,1222.5134
2026-05-29 08:10:00,4518.0800,4522.2200,4516.9400,4517.5500,786.8639
2026-05-29 08:15:00,4517.5600,4518.7700,4515.6500,4515.8800,989.3831
2026-05-29 08:20:00,4515.9000,4519.0700,4514.2900,4517.1200,1251.0089
2026-05-29 08:25:00,4517.3900,4521.3300,4517.0000,4519.6500,375.0001
2026-05-29 08:30:00,4519.4400,4520.9200,4517.2100,4517.7100,513.7896
2026-05-29 08:35:00,4517.7100,4519.1100,4516.1800,4517.8000,271.3357
2026-05-29 08:40:00,4517.7200,4519.9100,4516.0300,4517.4700,627.6817
2026-05-29 08:45:00,4517.3500,4519.9100,4513.5000,4513.9000,1430.0935
2026-05-29 08:50:00,4513.8900,4517.2000,4512.5800,4515.4100,1472.8927
2026-05-29 08:55:00,4515.4100,4516.5800,4514.3100,4515.9700,539.4435
2026-05-29 09:00:00,4515.9600,4522.2100,4515.0800,4520.7300,976.4280
2026-05-29 09:05:00,4520.7200,4525.0000,4518.2300,4524.9900,1281.9104
2026-05-29 09:10:00,4524.9900,4534.0400,4524.9900,4530.2500,2887.4590
2026-05-29 09:15:00,4530.2500,4530.6300,4528.1600,4529.2700,915.2960
2026-05-29 09:20:00,4529.2700,4529.2700,4523.8400,4525.1000,924.1515
2026-05-29 09:25:00,4525.1000,4534.2500,4523.8100,4529.8600,1172.2478
2026-05-29 09:30:00,4530.1200,4531.7700,4526.2800,4529.9900,1288.2976
2026-05-29 09:35:00,4530.0000,4532.6300,4528.6200,4530.6600,704.5774
2026-05-29 09:40:00,4530.7400,4533.9900,4529.1500,4533.6200,683.6844
2026-05-29 09:45:00,4533.5400,4542.5400,4533.4400,4540.1800,4256.8102
2026-05-29 09:50:00,4540.1800,4541.2000,4533.4000,4534.8100,1637.9633
2026-05-29 09:55:00,4534.7300,4535.9500,4531.8000,4532.7500,1466.1033
2026-05-29 10:00:00,4533.0100,4533.2100,4528.0300,4528.5400,1273.3529
2026-05-29 10:05:00,4528.5400,4531.8200,4527.2500,4529.1000,1075.1045
2026-05-29 10:10:00,4529.1000,4531.2600,4528.4600,4530.9500,456.5855
2026-05-29 10:15:00,4530.8800,4533.3100,4528.0000,4529.2400,966.4630
2026-05-29 10:20:00,4529.1600,4530.0000,4528.0600,4529.8100,505.8935
2026-05-29 10:25:00,4529.9000,4534.4600,4529.8100,4532.4900,790.0636
2026-05-29 10:30:00,4532.4100,4541.0000,4532.0600,4540.0200,2047.7995
2026-05-29 10:35:00,4540.1000,4544.7300,4539.6000,4542.6600,1835.7167
2026-05-29 10:40:00,4542.7200,4543.4200,4538.2800,4539.6800,1255.8671
2026-05-29 10:45:00,4539.6800,4542.8500,4537.3500,4539.3900,986.8013
2026-05-29 10:50:00,4539.3900,4542.1300,4538.6600,4538.7700,428.9480
2026-05-29 10:55:00,4538.6900,4541.2800,4538.1400,4540.7800,838.2939
2026-05-29 11:00:00,4540.8700,4542.0000,4537.9000,4538.1500,592.5718
2026-05-29 11:05:00,4538.0700,4539.4500,4532.2500,4534.2800,1547.0924
2026-05-29 11:10:00,4534.1800,4535.7700,4532.1700,4534.7200,787.6206
2026-05-29 11:15:00,4534.6400,4536.5000,4531.8100,4534.5900,889.1454
2026-05-29 11:20:00,4534.5900,4538.2600,4532.1600,4534.1400,890.5540
2026-05-29 11:25:00,4534.1400,4534.7000,4529.0000,4531.1500,1754.0906
2026-05-29 11:30:00,4531.2400,4531.8600,4529.1900,4529.9800,685.0892
2026-05-29 11:35:00,4529.9800,4532.3700,4527.8600,4530.9800,574.2672
2026-05-29 11:40:00,4530.9100,4534.7800,4530.6700,4533.6300,499.4979
2026-05-29 11:45:00,4533.6300,4536.3200,4530.5700,4531.9600,750.5270
2026-05-29 11:50:00,4531.8800,4536.8900,4529.9200,4535.9200,749.5133
2026-05-29 11:55:00,4535.9200,4540.2700,4534.8200,4539.9100,813.3830
2026-05-29 12:00:00,4540.0000,4540.2200,4530.0000,4531.8800,930.3363
2026-05-29 12:05:00,4531.6700,4532.0200,4529.6200,4531.6100,765.1643
2026-05-29 12:10:00,4531.6200,4533.4700,4529.0600,4530.7800,641.6295
2026-05-29 12:15:00,4530.7800,4533.4300,4530.7700,4531.5700,434.6280
2026-05-29 12:20:00,4531.4800,4531.5600,4522.3000,4525.7700,2747.9798
2026-05-29 12:25:00,4525.7700,4527.5500,4523.4200,4524.9100,1072.9985
2026-05-29 12:30:00,4524.9500,4526.0200,4517.0600,4519.3700,1859.2352
2026-05-29 12:35:00,4519.3800,4521.1100,4518.0000,4519.4800,577.0535
2026-05-29 12:40:00,4519.4800,4519.9100,4515.0000,4516.7200,1654.3627
2026-05-29 12:45:00,4516.7400,4521.4400,4515.5500,4518.6400,1321.1557
2026-05-29 12:50:00,4518.5600,4523.4400,4516.7400,4521.0400,926.5835
2026-05-29 12:55:00,4521.0400,4527.7800,4518.5500,4525.0200,957.4081
2026-05-29 13:00:00,4525.0200,4526.9800,4518.6100,4525.8600,1395.5380
2026-05-29 13:05:00,4525.5100,4529.0000,4521.6800,4527.5100,1166.9686
2026-05-29 13:10:00,4527.5100,4527.5100,4522.8900,4524.8000,617.6567
2026-05-29 13:15:00,4524.8800,4526.1100,4521.3600,4524.3100,822.1844
2026-05-29 13:20:00,4524.3100,4530.0000,4522.8400,4527.8300,2183.2476
2026-05-29 13:25:00,4528.2500,4529.9400,4526.1700,4529.4500,575.3181
2026-05-29 13:30:00,4529.4400,4534.6800,4525.8000,4527.4100,1946.3074
2026-05-29 13:35:00,4527.3200,4535.2100,4525.1600,4533.1000,1352.5083
2026-05-29 13:40:00,4533.4400,4537.5400,4530.4900,4534.9700,1465.2809
2026-05-29 13:45:00,4534.8800,4537.9700,4530.6500,4537.1400,1452.4916
2026-05-29 13:50:00,4537.1400,4540.2500,4533.3900,4539.9800,1656.8730
2026-05-29 13:55:00,4539.7900,4541.4800,4535.5800,4537.1200,1839.2509
2026-05-29 14:00:00,4537.1200,4551.5500,4535.8200,4548.5200,3696.8253
2026-05-29 14:05:00,4548.5900,4556.3400,4547.3600,4553.2400,3395.7018
2026-05-29 14:10:00,4553.7400,4553.9400,4545.2400,4545.4400,2195.9927
2026-05-29 14:15:00,4545.4300,4546.5800,4539.1800,4539.1800,1925.0707
2026-05-29 14:20:00,4539.1900,4541.4200,4533.0000,4533.0000,1319.0519
2026-05-29 14:25:00,4533.2600,4535.1100,4528.6000,4532.0400,1912.4387
2026-05-29 14:30:00,4531.7500,4538.2900,4527.3700,4538.2900,2841.6170
2026-05-29 14:35:00,4538.2900,4539.0000,4531.9700,4534.2200,1326.2832
2026-05-29 14:40:00,4534.0000,4544.2600,4534.0000,4542.1600,1880.6947
2026-05-29 14:45:00,4542.1700,4543.6700,4538.0000,4541.0000,1110.2955
2026-05-29 14:50:00,4541.0000,4569.3500,4539.5300,4557.2300,4124.0132
2026-05-29 14:55:00,4557.3400,4569.8300,4555.5200,4565.3100,2607.0041
2026-05-29 15:00:00,4565.1200,4578.0000,4564.0500,4578.0000,3384.7833
2026-05-29 15:05:00,4577.6600,4589.5700,4572.4400,4587.8300,4402.8974
2026-05-29 15:10:00,4587.8800,4596.4400,4586.2200,4590.8800,3031.6519
2026-05-29 15:15:00,4591.0900,4592.7000,4584.6300,4588.7700,3035.1905
2026-05-29 15:20:00,4588.7800,4590.2000,4582.3400,4585.1600,1913.2712
2026-05-29 15:25:00,4585.6700,4585.6700,4577.3900,4579.0000,1814.0898
2026-05-29 15:30:00,4579.0000,4585.4900,4577.8100,4577.8100,1581.0177
2026-05-29 15:35:00,4579.4300,4582.1400,4572.9400,4574.5400,1358.6428
2026-05-29 15:40:00,4574.5300,4576.7000,4563.7000,4568.7400,2322.3520
2026-05-29 15:45:00,4568.7400,4572.3400,4559.8400,4566.6400,2173.8076
2026-05-29 15:50:00,4566.6500,4572.0600,4564.5700,4570.5800,1058.3489
2026-05-29 15:55:00,4570.5800,4573.8200,4570.1800,4572.6400,783.2668
2026-05-29 16:00:00,4572.7200,4574.1500,4568.1400,4569.7300,1077.5625
2026-05-29 16:05:00,4569.8200,4570.8000,4563.9500,4565.7900,1127.3157
2026-05-29 16:10:00,4565.7100,4567.4500,4561.1500,4565.2800,1597.5346
2026-05-29 16:15:00,4565.2800,4570.0000,4563.9700,4566.6400,1006.6305
2026-05-29 16:20:00,4566.6400,4568.8600,4564.2800,4566.1900,499.1945
2026-05-29 16:25:00,4566.1900,4566.1900,4561.9000,4564.6700,598.9983
2026-05-29 16:30:00,4564.8700,4573.4600,4563.6900,4570.8000,1040.8654
2026-05-29 16:35:00,4570.8100,4575.6100,4569.6500,4573.9200,1040.3824
2026-05-29 16:40:00,4573.8100,4575.1100,4570.4200,4571.2200,540.0746
2026-05-29 16:45:00,4571.3000,4571.3000,4564.6700,4566.7000,885.3285
2026-05-29 16:50:00,4566.4800,4569.0000,4562.5500,4567.2600,1000.1046
2026-05-29 16:55:00,4567.3400,4569.0900,4563.2100,4568.5000,652.6497
2026-05-29 17:00:00,4568.5100,4569.5600,4565.0400,4566.2700,371.4856
2026-05-29 17:05:00,4566.0300,4571.0300,4564.3000,4569.2300,494.1783
2026-05-29 17:10:00,4569.2300,4570.9800,4565.0900,4566.3300,401.7252
2026-05-29 17:15:00,4566.2700,4569.1700,4565.8300,4567.4300,316.9969
2026-05-29 17:20:00,4567.4300,4568.5200,4562.7100,4567.3700,542.4924
2026-05-29 17:25:00,4567.3700,4567.6200,4563.6400,4564.2700,218.5233
2026-05-29 17:30:00,4564.2700,4564.8500,4559.5000,4563.3900,761.0911
2026-05-29 17:35:00,4563.5800,4563.9500,4560.9800,4561.3500,354.1481
2026-05-29 17:40:00,4561.3500,4562.2700,4555.9600,4556.7400,694.5281
2026-05-29 17:45:00,4556.7400,4560.3700,4554.7400,4558.8800,642.5773
2026-05-29 17:50:00,4558.7900,4560.1200,4554.0300,4556.1000,449.0466
2026-05-29 17:55:00,4556.1000,4558.4900,4554.9500,4556.2600,548.5445
2026-05-29 18:00:00,4556.2500,4560.0000,4555.7500,4559.8600,513.1609
2026-05-29 18:05:00,4559.7700,4561.8500,4558.5100,4560.2200,392.6209
2026-05-29 18:10:00,4560.2100,4561.0300,4557.6700,4560.7600,240.2826
2026-05-29 18:15:00,4560.7900,4563.1700,4558.5300,4561.6800,401.1384
2026-05-29 18:20:00,4561.7100,4562.5100,4560.0400,4561.4800,188.7772
2026-05-29 18:25:00,4561.4800,4563.0400,4560.9000,4561.1700,358.6730
2026-05-29 18:30:00,4561.1700,4565.7700,4561.1700,4563.7400,552.0283
2026-05-29 18:35:00,4563.6600,4564.5000,4562.3400,4562.8300,221.5094
2026-05-29 18:40:00,4562.8300,4562.8400,4560.3500,4560.7500,308.1049
2026-05-29 18:45:00,4560.7500,4560.7600,4554.5000,4556.2100,925.9134
2026-05-29 18:50:00,4556.2100,4558.3900,4555.2500,4557.6800,369.8621
2026-05-29 18:55:00,4557.6000,4560.4900,4556.5200,4556.5500,425.7343
2026-05-29 19:00:00,4556.6500,4558.2100,4555.3900,4557.7500,228.8678
2026-05-29 19:05:00,4557.6700,4562.7200,4557.6400,4561.4600,621.9232
2026-05-29 19:10:00,4561.4800,4562.6200,4559.6800,4561.0900,510.2040
2026-05-29 19:15:00,4561.0100,4562.0100,4558.6000,4560.7100,276.7421
2026-05-29 19:20:00,4560.7100,4561.0000,4558.7900,4559.3300,81.3321
2026-05-29 19:25:00,4559.3300,4560.3500,4556.4400,4558.4300,678.7419
2026-05-29 19:30:00,4558.4300,4559.3600,4556.2800,4556.5900,215.8992
2026-05-29 19:35:00,4556.8100,4557.4100,4555.1000,4555.5600,417.8397
2026-05-29 19:40:00,4555.5600,4557.0100,4555.0000,4555.0100,178.0850
2026-05-29 19:45:00,4555.0000,4555.5600,4550.2000,4552.2100,730.7040
2026-05-29 19:50:00,4552.2300,4553.4800,4548.6000,4550.0200,533.4581
2026-05-29 19:55:00,4550.0200,4551.9700,4546.6100,4549.2900,497.8529
2026-05-29 20:00:00,4549.2400,4551.2000,4546.1600,4548.1500,469.5359
2026-05-29 20:05:00,4548.0700,4549.9500,4545.0200,4549.5400,532.3171
2026-05-29 20:10:00,4549.6200,4554.1000,4549.2000,4552.7400,417.5025
2026-05-29 20:15:00,4552.6500,4553.0300,4549.8000,4550.1200,371.6663
2026-05-29 20:20:00,4550.1200,4550.2100,4547.3900,4549.5300,377.5216
2026-05-29 20:25:00,4549.6100,4549.6200,4547.2500,4547.2500,153.0222
2026-05-29 20:30:00,4547.2600,4548.9600,4546.6300,4547.6500,287.5528
2026-05-29 20:35:00,4547.5700,4547.6600,4546.3400,4547.1200,80.8579
2026-05-29 20:40:00,4547.0400,4549.5600,4544.3500,4547.9400,462.1515
2026-05-29 20:45:00,4547.9400,4547.9400,4546.1600,4546.2500,105.8490
2026-05-29 20:50:00,4546.2500,4547.1400,4543.9300,4544.4100,517.7508
2026-05-29 20:55:00,4544.4100,4545.6200,4543.1800,4543.4400,354.8080
2026-05-29 21:00:00,4544.0400,4544.4800,4540.0000,4542.3700,792.0891
2026-05-29 21:05:00,4542.4500,4542.7900,4540.8000,4542.0900,129.4604
2026-05-29 21:10:00,4542.0800,4545.7800,4541.9900,4544.2900,126.7740
2026-05-29 21:15:00,4544.2900,4544.3700,4542.1700,4543.2300,81.6921
2026-05-29 21:20:00,4543.3100,4543.3300,4541.9400,4541.9900,79.2800
2026-05-29 21:25:00,4542.0000,4544.0900,4540.6900,4542.3600,463.1078
2026-05-29 21:30:00,4542.3600,4542.8300,4540.7700,4541.7200,179.1644
2026-05-29 21:35:00,4541.7200,4542.8300,4541.4600,4541.5500,105.3523
2026-05-29 21:40:00,4541.5600,4545.0900,4540.8700,4544.0700,380.6937
2026-05-29 21:45:00,4544.0700,4545.2400,4544.0300,4544.6500,100.0103
2026-05-29 21:50:00,4544.5700,4545.8800,4544.5600,4545.0000,117.3503
2026-05-29 21:55:00,4544.9900,4545.0000,4542.3000,4543.9700,147.3369
2026-05-29 22:00:00,4543.8800,4546.4800,4541.1000,4543.4900,306.0365
2026-05-29 22:05:00,4543.4900,4543.5800,4541.9500,4542.6600,91.4797
2026-05-29 22:10:00,4542.6600,4544.5000,4542.6500,4542.7200,42.2290
2026-05-29 22:15:00,4542.7200,4543.2900,4542.3800,4542.7100,67.6216
2026-05-29 22:20:00,4542.7900,4545.2000,4542.7000,4543.5700,104.9482
2026-05-29 22:25:00,4543.4900,4543.5900,4543.4800,4543.5000,17.5731
2026-05-29 22:30:00,4543.5800,4548.5600,4543.2600,4547.7800,345.4976
2026-05-29 22:35:00,4547.7000,4549.0000,4547.3800,4548.8100,90.8703
2026-05-29 22:40:00,4548.8100,4548.9000,4546.0000,4547.0300,112.2713
2026-05-29 22:45:00,4547.0300,4549.2400,4546.0000,4548.5000,91.4239
2026-05-29 22:50:00,4548.5000,4549.2400,4546.9900,4547.0500,243.7521
2026-05-29 22:55:00,4547.0500,4548.2300,4546.0000,4546.9900,70.3430
2026-05-29 23:00:00,4546.9500,4547.0700,4546.6000,4546.9900,89.7335
2026-05-29 23:05:00,4546.9400,4548.4000,4546.5900,4546.6000,66.3016
2026-05-29 23:10:00,4546.6000,4546.7200,4542.6700,4544.6700,344.0507
2026-05-29 23:15:00,4544.6700,4546.0400,4544.6700,4544.9300,97.2802
2026-05-29 23:20:00,4545.0100,4545.8900,4544.6000,4545.8800,24.8641
2026-05-29 23:25:00,4545.8800,4547.1400,4545.7900,4546.1900,73.8920
2026-05-29 23:30:00,4546.1200,4546.7500,4546.1200,4546.2500,57.8687
2026-05-29 23:35:00,4546.2500,4547.6000,4546.1200,4547.5600,46.7724
2026-05-29 23:40:00,4547.5600,4550.8100,4547.4900,4548.9300,228.2081
2026-05-29 23:45:00,4549.0200,4550.3000,4548.9200,4549.9000,46.3030
2026-05-29 23:50:00,4549.8200,4550.1800,4549.7000,4550.1700,214.1734
2026-05-29 23:55:00,4550.1700,4550.3000,4548.7500,4549.1900,168.6074
2026-05-30 00:00:00,4549.1900,4550.2900,4547.0000,4549.1700,237.5027
2026-05-30 00:05:00,4549.1700,4549.7800,4548.8300,4549.4300,78.9249
2026-05-30 00:10:00,4549.4500,4550.1800,4549.0500,4550.0500,108.8638
2026-05-30 00:15:00,4550.1300,4550.1300,4549.5800,4550.1100,55.2005
2026-05-30 00:20:00,4550.0300,4550.1100,4548.6100,4549.1000,45.9028
2026-05-30 00:25:00,4549.1000,4549.5100,4548.5000,4548.9200,76.5856
2026-05-30 00:30:00,4548.9200,4549.0000,4546.6800,4546.7000,98.4928
2026-05-30 00:35:00,4546.7000,4547.0000,4546.0200,4546.9900,97.3091
2026-05-30 00:40:00,4546.9900,4547.3200,4546.9900,4547.3000,40.8635
2026-05-30 00:45:00,4547.3000,4548.7800,4546.0000,4547.4300,80.5979
2026-05-30 00:50:00,4547.4000,4547.9700,4547.4000,4547.6800,37.4919
2026-05-30 00:55:00,4547.6800,4547.6800,4546.1200,4546.9400,65.8664
2026-05-30 01:00:00,4547.0200,4548.4400,4546.2600,4546.3600,287.3151
2026-05-30 01:05:00,4546.3600,4546.5500,4546.0800,4546.1600,88.6304
2026-05-30 01:10:00,4546.2500,4547.2700,4546.1600,4546.8100,30.8815
2026-05-30 01:15:00,4546.8900,4546.9100,4546.6200,4546.6300,16.2340
2026-05-30 01:20:00,4546.6200,4547.2600,4546.6200,4546.9500,44.5052
2026-05-30 01:25:00,4546.9500,4547.3000,4546.8600,4547.2900,46.8600
2026-05-30 01:30:00,4547.2100,4547.3300,4547.1900,4547.3200,54.1019
2026-05-30 01:35:00,4547.3200,4548.0100,4547.2400,4547.6200,39.0711
2026-05-30 01:40:00,4547.6200,4547.8300,4546.4000,4547.5100,47.8823
2026-05-30 01:45:00,4547.5900,4548.0000,4546.2400,4547.0400,77.9700
2026-05-30 01:50:00,4546.9600,4547.0600,4546.5000,4546.7100,13.3714
2026-05-30 01:55:00,4546.7900,4547.4000,4546.0000,4547.3900,34.8895
2026-05-30 02:00:00,4547.4000,4548.6800,4546.2600,4547.4600,128.8124
2026-05-30 02:05:00,4547.3800,4547.4800,4546.3100,4546.4100,25.1800
2026-05-30 02:10:00,4546.4100,4546.4300,4546.3100,4546.4100,18.8017
2026-05-30 02:15:00,4546.4100,4546.9600,4546.3000,4546.9400,34.7174
2026-05-30 02:20:00,4546.8600,4548.1300,4546.5000,4546.7500,145.2911
2026-05-30 02:25:00,4546.7500,4546.7600,4546.0000,4546.7500,63.7936
2026-05-30 02:30:00,4546.7500,4547.1000,4546.5100,4547.0100,27.1292
2026-05-30 02:35:00,4547.0900,4547.1000,4547.0000,4547.0800,31.1444
2026-05-30 02:40:00,4547.0200,4547.0900,4546.2100,4546.6400,22.4943
2026-05-30 02:45:00,4546.7100,4546.7300,4546.0000,4546.5100,47.0757
2026-05-30 02:50:00,4546.5200,4546.5300,4546.4200,4546.5000,26.2658
2026-05-30 02:55:00,4546.5100,4546.6400,4546.0000,4546.2300,135.8529
2026-05-30 03:00:00,4546.2200,4547.0000,4546.0000,4546.1400,79.6367
2026-05-30 03:05:00,4546.1400,4546.2300,4545.8000,4545.8100,113.2219
2026-05-30 03:10:00,4545.8800,4545.8900,4542.0000,4544.1700,277.2377
2026-05-30 03:15:00,4544.1700,4546.9000,4542.3100,4543.6500,356.8725
2026-05-30 03:20:00,4543.3500,4544.2300,4542.9400,4544.1300,99.7042
2026-05-30 03:25:00,4544.1300,4544.2100,4542.7600,4542.8500,81.5677
2026-05-30 03:30:00,4542.8500,4544.3800,4542.5300,4542.5900,92.2532
2026-05-30 03:35:00,4542.5900,4544.2600,4542.2400,4542.3700,117.8540
2026-05-30 03:40:00,4542.3700,4542.3800,4542.2700,4542.3400,67.4017
2026-05-30 03:45:00,4542.3400,4542.7000,4542.2600,4542.2900,80.8196
2026-05-30 03:50:00,4542.3500,4543.8000,4542.0000,4542.5100,145.3259
2026-05-30 03:55:00,4542.5100,4542.6000,4541.5600,4541.9200,280.8311
2026-05-30 04:00:00,4542.0100,4542.6200,4541.8900,4542.5300,112.1592
2026-05-30 04:05:00,4542.6100,4542.6300,4540.8800,4540.9700,245.6726
2026-05-30 04:10:00,4540.9700,4541.6000,4535.5600,4538.6500,492.4558
2026-05-30 04:15:00,4538.5700,4538.6500,4535.2800,4536.9600,294.3200
2026-05-30 04:20:00,4536.9600,4537.0400,4535.3300,4536.3100,218.4682
2026-05-30 04:25:00,4536.4000,4536.4100,4535.0000,4535.8000,76.0151
2026-05-30 04:30:00,4535.8000,4537.2000,4535.0000,4536.7500,145.6582
2026-05-30 04:35:00,4536.7500,4539.0000,4536.3600,4537.9900,312.8681
2026-05-30 04:40:00,4537.9900,4538.0000,4537.9900,4537.9900,25.0404
2026-05-30 04:45:00,4537.9900,4540.0800,4537.9900,4539.9800,189.0837
2026-05-30 04:50:00,4539.9800,4544.4100,4539.9700,4542.4200,597.1465
2026-05-30 04:55:00,4542.5000,4542.6600,4541.0200,4542.1400,223.7169
2026-05-30 05:00:00,4542.0500,4543.4000,4541.0000,4542.3900,224.6629
2026-05-30 05:05:00,4542.3900,4543.3800,4541.0200,4541.9100,254.2882
2026-05-30 05:10:00,4541.9100,4542.0000,4538.7600,4540.0100,183.0986
2026-05-30 05:15:00,4540.0100,4542.7100,4540.0000,4541.3900,218.1496
2026-05-30 05:20:00,4541.3600,4542.1000,4540.9800,4542.1000,56.0288
2026-05-30 05:25:00,4542.1000,4542.1000,4541.6900,4542.0100,51.8393
2026-05-30 05:30:00,4541.9700,4542.4600,4541.9600,4542.4400,50.3071
2026-05-30 05:35:00,4542.3600,4542.4700,4542.3500,4542.3800,26.4016
2026-05-30 05:40:00,4542.3800,4542.7800,4542.3600,4542.6900,43.7478
2026-05-30 05:45:00,4542.6900,4543.1600,4542.4500,4542.4700,34.3747
2026-05-30 05:50:00,4542.4700,4543.1000,4542.3800,4543.0100,106.3769
2026-05-30 05:55:00,4543.0900,4543.4600,4543.0100,4543.1600,76.9056
2026-05-30 06:00:00,4543.1600,4547.0000,4543.1600,4546.7300,415.0696
2026-05-30 06:05:00,4546.7300,4546.7800,4542.0600,4544.2000,469.0570
2026-05-30 06:10:00,4544.2000,4545.6300,4542.9200,4543.3900,116.6708
2026-05-30 06:15:00,4543.7000,4544.9300,4543.1100,4543.4800,123.6510
2026-05-30 06:20:00,4543.4800,4546.0000,4541.6900,4544.5600,243.5789
2026-05-30 06:25:00,4544.4700,4544.5700,4541.2500,4542.4800,83.4423
2026-05-30 06:30:00,4542.4800,4542.5700,4541.2500,4542.4400,128.2870
2026-05-30 06:35:00,4542.4400,4543.4000,4541.0000,4541.5000,118.5421
2026-05-30 06:40:00,4541.4200,4542.5200,4541.4100,4542.2700,57.3642
2026-05-30 06:45:00,4542.2100,4544.7800,4542.1800,4543.4600,157.4724
2026-05-30 06:50:00,4543.5400,4546.0000,4543.3400,4544.5900,153.5425
2026-05-30 06:55:00,4544.6700,4545.0400,4544.5400,4545.0400,52.9469
2026-05-30 07:00:00,4544.9400,4545.5700,4544.7400,4544.9800,81.6311
2026-05-30 07:05:00,4544.9400,4545.0000,4543.5100,4543.5200,95.9322
2026-05-30 07:10:00,4543.5200,4543.9800,4541.2300,4543.5200,143.2675
2026-05-30 07:15:00,4543.5200,4543.6500,4543.0900,4543.5900,75.1970
2026-05-30 07:20:00,4543.5900,4543.6000,4542.8600,4542.8900,45.2864
2026-05-30 07:25:00,4542.8800,4543.2500,4542.2200,4542.8900,41.2743
2026-05-30 07:30:00,4542.9400,4543.2300,4542.2100,4542.9500,34.1031
2026-05-30 07:35:00,4542.9500,4543.1900,4541.1000,4541.9100,105.4089
2026-05-30 07:40:00,4541.9100,4542.1400,4541.0600,4541.4000,71.4221
2026-05-30 07:45:00,4541.4700,4543.3000,4541.0600,4541.8500,108.4744
2026-05-30 07:50:00,4541.8500,4542.6200,4541.3900,4541.4700,65.2051
2026-05-30 07:55:00,4541.3900,4543.2400,4541.3700,4541.9600,114.0504
2026-05-30 08:00:00,4541.8700,4542.5800,4541.0600,4542.3900,115.8871
2026-05-30 08:05:00,4542.3900,4543.9400,4542.1600,4542.4700,134.8545
2026-05-30 08:10:00,4542.4700,4543.8500,4542.4700,4543.8000,108.0488
2026-05-30 08:15:00,4543.8000,4544.1000,4542.9500,4543.6000,94.4559
2026-05-30 08:20:00,4543.5200,4544.0200,4542.5100,4544.0200,80.5004
2026-05-30 08:25:00,4544.0200,4544.0400,4542.4300,4542.4500,102.3608
2026-05-30 08:30:00,4542.5300,4543.6400,4542.4400,4543.2300,45.6200
2026-05-30 08:35:00,4543.2300,4543.3200,4542.9900,4543.0900,40.8557
2026-05-30 08:40:00,4543.0900,4543.1200,4541.9400,4542.2900,65.2901
2026-05-30 08:45:00,4542.2900,4543.2800,4542.2800,4542.8100,29.2309
2026-05-30 08:50:00,4542.8000,4543.0700,4542.7200,4542.8600,51.7159
2026-05-30 08:55:00,4542.8600,4543.2700,4542.7700,4543.0200,68.9478
2026-05-30 09:00:00,4543.0300,4543.7600,4542.5600,4543.4100,96.0592
2026-05-30 09:05:00,4543.4700,4545.9200,4543.4700,4545.4300,180.6688
2026-05-30 09:10:00,4545.5100,4545.5200,4543.1400,4544.4800,270.7547
2026-05-30 09:15:00,4544.4000,4544.9000,4543.5000,4544.8100,44.4275
2026-05-30 09:20:00,4544.8900,4545.2100,4544.3800,4544.7600,107.6101
2026-05-30 09:25:00,4544.8500,4546.0800,4543.7000,4545.1300,230.0092
2026-05-30 09:30:00,4545.0500,4546.4800,4545.0300,4546.3200,107.0473
2026-05-30 09:35:00,4546.3900,4546.5000,4545.9100,4545.9100,83.3826
2026-05-30 09:40:00,4545.9100,4546.0000,4545.2600,4545.2600,48.0475
2026-05-30 09:45:00,4545.2700,4545.2800,4544.1600,4544.3200,100.4696
2026-05-30 09:50:00,4544.4000,4546.3000,4542.9600,4544.9800,240.8873
2026-05-30 09:55:00,4545.0600,4545.5400,4544.9300,4545.4600,73.9746
2026-05-30 10:00:00,4545.4700,4546.1000,4544.9000,4545.2700,276.7535
2026-05-30 10:05:00,4545.1900,4545.7300,4544.0100,4544.1200,360.0386
2026-05-30 10:10:00,4544.0400,4545.0900,4544.0300,4544.9300,77.1941
2026-05-30 10:15:00,4544.8500,4546.4000,4544.8400,4546.4000,109.6957
2026-05-30 10:20:00,4546.3900,4546.4000,4544.8700,4545.6700,119.1341
2026-05-30 10:25:00,4545.6700,4545.7600,4544.2000,4545.3200,340.9274
2026-05-30 10:30:00,4545.3200,4545.5000,4544.7100,4545.0600,137.0715
2026-05-30 10:35:00,4544.9800,4545.0700,4544.6600,4544.6700,18.6488
2026-05-30 10:40:00,4544.7600,4545.8000,4544.6400,4545.7200,224.3818
2026-05-30 10:45:00,4545.7900,4545.8100,4545.3700,4545.6900,65.0529
2026-05-30 10:50:00,4545.7700,4545.8100,4544.6200,4545.1500,50.4115
2026-05-30 10:55:00,4545.1500,4545.8200,4544.4500,4545.1200,67.4046
2026-05-30 11:00:00,4545.2000,4545.4300,4545.1000,4545.1200,51.3611
2026-05-30 11:05:00,4545.1900,4545.1900,4543.1600,4544.9800,120.7640
2026-05-30 11:10:00,4544.9800,4546.3100,4543.3400,4544.2800,116.1331
2026-05-30 11:15:00,4544.2800,4544.8300,4544.1100,4544.2700,37.0806
2026-05-30 11:20:00,4544.1800,4544.4000,4543.7300,4544.2800,56.5048
2026-05-30 11:25:00,4544.2000,4544.5300,4542.8300,4542.8700,115.5250
2026-05-30 11:30:00,4542.8700,4543.2100,4542.5300,4542.5500,134.4446
2026-05-30 11:35:00,4542.5500,4545.0000,4542.2700,4543.3300,254.7450
2026-05-30 11:40:00,4543.4300,4544.3700,4543.1800,4543.6400,91.8290
2026-05-30 11:45:00,4543.5600,4544.0200,4542.5000,4543.2300,125.2382
2026-05-30 11:50:00,4543.1500,4544.0000,4542.9800,4543.4000,100.8861
2026-05-30 11:55:00,4543.4000,4543.4100,4541.3300,4542.7900,154.2677
2026-05-30 12:00:00,4542.7900,4542.8000,4542.0600,4542.3200,127.0470
2026-05-30 12:05:00,4542.3200,4543.1800,4542.3100,4542.7400,59.5753
2026-05-30 12:10:00,4542.7400,4542.7500,4542.6700,4542.7100,12.2846
2026-05-30 12:15:00,4542.6700,4543.8000,4542.6400,4543.0000,104.8979
2026-05-30 12:20:00,4543.0000,4543.5400,4542.9800,4543.4300,82.7357
2026-05-30 12:25:00,4543.5100,4545.0000,4543.3900,4544.4400,145.6749
2026-05-30 12:30:00,4544.3600,4544.6900,4543.2000,4544.4200,55.4198
2026-05-30 12:35:00,4544.4200,4544.7400,4543.8100,4543.9900,52.7259
2026-05-30 12:40:00,4544.0700,4544.3000,4543.9800,4544.1300,43.7545
2026-05-30 12:45:00,4544.1300,4544.3000,4543.5500,4543.8300,42.9138
2026-05-30 12:50:00,4543.8300,4543.9200,4543.4800,4543.8000,29.7658
2026-05-30 12:55:00,4543.8800,4543.8800,4541.9800,4542.2000,142.8567
2026-05-30 13:00:00,4542.2100,4543.3200,4542.0000,4542.7800,84.4836
2026-05-30 13:05:00,4542.8200,4544.0000,4542.7800,4543.4800,112.5625
2026-05-30 13:10:00,4543.5600,4543.5800,4542.8500,4543.2900,120.1310
2026-05-30 13:15:00,4543.2100,4543.3500,4542.5800,4542.9100,279.2693
2026-05-30 13:20:00,4542.9900,4543.6100,4542.8800,4543.1200,597.8508
2026-05-30 13:25:00,4543.1200,4543.4500,4541.8800,4543.2500,274.5309
2026-05-30 13:30:00,4543.2500,4543.3400,4542.0000,4542.4300,106.8710
2026-05-30 13:35:00,4542.3500,4543.1600,4540.6200,4541.5300,425.6461
2026-05-30 13:40:00,4541.5400,4543.2000,4540.0400,4542.5700,144.2146
2026-05-30 13:45:00,4542.4900,4542.8600,4541.9700,4542.0500,39.9480
2026-05-30 13:50:00,4542.1300,4542.8200,4542.0300,4542.6300,22.6180
2026-05-30 13:55:00,4542.7100,4542.7800,4541.3000,4542.3400,70.2514
2026-05-30 14:00:00,4542.3400,4543.5100,4542.3400,4543.1800,80.0990
2026-05-30 14:05:00,4543.1000,4543.1900,4541.8600,4542.1100,47.1425
2026-05-30 14:10:00,4542.1900,4542.5400,4542.1000,4542.1900,86.7782
2026-05-30 14:15:00,4542.1900,4544.4100,4542.1800,4543.2600,176.5012
2026-05-30 14:20:00,4543.5800,4543.5800,4541.3300,4542.6700,298.0519
2026-05-30 14:25:00,4542.6700,4543.8200,4542.6000,4543.2000,54.0108
2026-05-30 14:30:00,4543.2700,4544.2500,4542.6100,4542.6200,54.0728
2026-05-30 14:35:00,4542.6200,4542.7100,4541.4600,4541.4800,143.7245
2026-05-30 14:40:00,4541.4800,4542.1200,4540.9600,4541.8200,109.1430
2026-05-30 14:45:00,4541.8200,4542.0000,4541.5200,4541.9400,123.2867
2026-05-30 14:50:00,4541.9500,4542.5300,4541.9400,4542.2200,45.9512
2026-05-30 14:55:00,4542.2200,4542.5500,4542.2100,4542.3400,41.7423
2026-05-30 15:00:00,4542.3500,4543.4300,4542.3100,4542.5700,104.7342
2026-05-30 15:05:00,4542.5700,4543.4300,4541.6200,4541.6600,137.4087
2026-05-30 15:10:00,4541.6600,4542.4200,4541.1900,4542.3300,76.2442
2026-05-30 15:15:00,4542.3200,4542.7300,4541.4300,4542.6400,61.3749
2026-05-30 15:20:00,4542.6400,4542.7300,4541.5700,4542.0800,135.0525
2026-05-30 15:25:00,4542.0800,4543.1600,4542.0100,4542.5500,56.3990
2026-05-30 15:30:00,4542.5500,4543.1000,4542.5400,4543.0900,33.3444
2026-05-30 15:35:00,4543.0900,4543.2000,4542.7300,4542.8900,26.8620
2026-05-30 15:40:00,4542.8900,4543.1800,4541.6800,4542.1200,52.9740
2026-05-30 15:45:00,4542.0400,4542.3400,4541.7200,4541.8100,27.1126
2026-05-30 15:50:00,4541.8300,4542.6000,4541.7500,4542.5000,44.4872
2026-05-30 15:55:00,4542.5000,4543.8700,4541.8500,4543.2700,126.5338
2026-05-30 16:00:00,4543.1800,4543.2600,4541.9500,4542.1500,103.4869
2026-05-30 16:05:00,4542.0800,4542.5000,4542.0700,4542.1700,16.9199
2026-05-30 16:10:00,4542.0900,4542.7400,4542.0800,4542.5100,32.3093
2026-05-30 16:15:00,4542.4300,4543.0000,4542.1000,4542.1500,57.5264
2026-05-30 16:20:00,4542.1500,4542.7200,4541.9000,4541.9100,38.3062
2026-05-30 16:25:00,4541.9900,4541.9900,4541.8600,4541.9700,56.0853
2026-05-30 16:30:00,4541.8900,4542.5900,4541.8600,4542.3700,47.6935
2026-05-30 16:35:00,4542.3700,4542.5900,4541.0800,4542.0100,170.9235
2026-05-30 16:40:00,4541.9300,4542.0200,4541.8500,4541.8600,18.3966
2026-05-30 16:45:00,4541.9400,4541.9500,4541.7800,4541.8700,58.5585
2026-05-30 16:50:00,4541.7900,4541.8800,4541.4600,4541.5500,40.7444
2026-05-30 16:55:00,4541.5500,4543.0000,4541.0400,4541.6900,224.7047
2026-05-30 17:00:00,4541.6800,4542.0400,4541.3300,4541.6800,92.0481
2026-05-30 17:05:00,4541.6800,4541.7800,4540.9900,4541.0600,98.2064
2026-05-30 17:10:00,4541.0800,4542.1500,4540.9900,4541.0500,70.2608
2026-05-30 17:15:00,4541.1300,4542.1900,4540.7000,4540.8300,59.6791
2026-05-30 17:20:00,4540.9100,4541.4200,4539.7200,4540.4800,234.4715
2026-05-30 17:25:00,4540.4000,4541.0200,4539.0000,4539.6400,236.7520
2026-05-30 17:30:00,4539.7300,4539.7400,4539.1900,4539.3200,88.7023
2026-05-30 17:35:00,4539.4000,4539.4800,4539.2300,4539.4300,90.2004
2026-05-30 17:40:00,4539.4300,4539.5600,4539.0000,4539.3300,216.4632
2026-05-30 17:45:00,4539.3300,4540.0700,4539.2200,4539.4200,51.6037
2026-05-30 17:50:00,4539.4200,4541.3000,4539.3200,4540.8500,105.5207
2026-05-30 17:55:00,4540.7700,4540.8600,4539.5700,4539.8300,45.8734
2026-05-30 18:00:00,4539.9100,4540.9700,4539.1700,4540.9600,76.4571
2026-05-30 18:05:00,4540.8800,4540.9700,4540.1300,4540.2200,53.6062
2026-05-30 18:10:00,4540.2200,4541.0000,4540.1100,4540.3800,53.5415
2026-05-30 18:15:00,4540.3000,4541.0000,4539.9900,4540.5100,33.5747
2026-05-30 18:20:00,4540.5100,4540.5300,4539.7200,4539.7300,19.3414
2026-05-30 18:25:00,4539.7300,4539.8300,4539.5000,4539.7300,22.6245
2026-05-30 18:30:00,4539.7300,4539.8300,4539.5300,4539.6100,51.6930
2026-05-30 18:35:00,4539.5400,4540.3500,4539.5200,4540.2600,39.3105
2026-05-30 18:40:00,4540.2600,4540.8900,4539.8900,4540.1400,26.1502
2026-05-30 18:45:00,4540.2200,4540.2300,4539.0000,4540.0100,19.2644
2026-05-30 18:50:00,4540.0100,4540.0100,4539.9000,4539.9200,16.5831
2026-05-30 18:55:00,4539.9200,4540.5100,4539.5500,4539.6900,68.9812
2026-05-30 19:00:00,4539.5900,4540.0100,4539.0000,4539.6000,33.4935
2026-05-30 19:05:00,4539.6800,4539.6900,4535.0000,4539.2600,372.7387
2026-05-30 19:10:00,4539.1800,4540.5000,4538.4000,4539.5800,117.7085
2026-05-30 19:15:00,4539.5800,4539.6600,4537.8400,4537.9400,61.2738
2026-05-30 19:20:00,4537.9400,4538.3700,4537.8500,4538.2800,56.3730
2026-05-30 19:25:00,4538.3600,4538.3700,4537.3000,4538.3100,56.9700
