ym,rej,er,chg,atrp,above,R,pnl,n,sl,tp,be,lng,stoppct
2022-02,BOGA,0.4466551619124938,5.864783419546393,0.9520782943245093,0.9642857142857143,2.7486258648622894,265.36737415599794,3.0,2.0,1.0,0.0,3.0,66.66666666666667
2022-03,YATAY,0.012214711271522311,-0.2838551159826008,1.580026742728393,1.0,6.457161325506254,657.1085298972876,5.0,3.0,2.0,0.0,5.0,60.0
2022-04,YATAY,0.1208103406660173,-1.5082258837122997,0.9570335125402355,1.0,-1.0968270807213811,-119.80067360092394,1.0,1.0,0.0,0.0,1.0,100.0
2022-05,ZAYIF-AYI,0.21482235368120506,-3.2043341531733938,1.161044273184798,0.16666666666666666,3.770191965348724,401.76836884935733,2.0,1.0,1.0,0.0,1.0,50.0
2022-06,YATAY,0.13932028545184663,-2.136452089644736,1.0290299060359274,0.13333333333333333,-2.2997670803290475,-256.1976496019515,2.0,2.0,0.0,0.0,0.0,100.0
2022-07,ZAYIF-AYI,0.2065137817729877,-2.6797776204325885,1.0025421099062588,0.0,8.654891848324638,961.028197680696,3.0,1.0,2.0,0.0,0.0,33.333333333333336
2022-08,ZAYIF-AYI,0.25009673776563374,-3.5741734089172583,0.8847526204037529,0.0,0.0,0.0,0.0,0.0,0.0,0.0,0.0,
2022-09,YATAY,0.1475050774560971,-2.1826521580796565,1.050540362575008,0.0,8.726525718134408,1054.714056618965,3.0,1.0,2.0,0.0,0.0,33.333333333333336
2022-10,YATAY,0.09208097015420895,-1.6705040669213522,1.2144597543737699,0.0,-1.6849037536775895,-217.95194635149744,2.0,1.0,0.0,1.0,0.0,50.0
2022-11,BOGA,0.39545551125498524,7.685730387298628,1.122795688371215,0.6,-5.703282627429666,-710.6079560232814,5.0,5.0,0.0,0.0,2.0,100.0
2022-12,YATAY,0.08373276061405337,1.1855626053633106,0.9423347929393517,1.0,0.0,0.0,0.0,0.0,0.0,0.0,0.0,
2023-01,BOGA,0.4270423810798022,5.688900734481606,0.8673887399574365,1.0,4.598406000937646,553.4378572604559,1.0,0.0,1.0,0.0,1.0,0.0
2023-02,AYI,0.6228885547462369,-6.533076290908523,1.0185414221201767,1.0,-5.156719335948142,-635.9722976224875,6.0,4.0,0.0,2.0,6.0,66.66666666666667
2023-03,BOGA,0.3099521268743283,7.202548360309846,1.1773986880678962,1.0,6.957778393576571,841.3455576679729,4.0,1.0,3.0,0.0,4.0,25.0
2023-04,YATAY,0.06121491195255168,0.9142866430848384,1.1009220562296465,1.0,9.555751532556169,1251.0891326607748,3.0,0.0,2.0,1.0,3.0,0.0
2023-05,YATAY,0.046861898698798594,-0.7616077038966274,1.061142297042235,1.0,-1.5678096212896624,-220.20401237359346,1.0,1.0,0.0,0.0,1.0,100.0
2023-06,ZAYIF-AYI,0.2833325923620682,-2.901368054449016,0.9378225833399435,0.8518518518518519,-2.2323820910032333,-306.90775893294597,2.0,2.0,0.0,0.0,2.0,100.0
2023-07,ZAYIF-BOGA,0.2369160303709695,2.3066487873644625,0.7180900915885429,0.967741935483871,-2.252856464572976,-302.83091636699316,2.0,2.0,0.0,0.0,2.0,100.0
2023-08,YATAY,0.0834651682941469,-0.6270347251216002,0.6581225966913741,0.3225806451612903,-2.398911446636371,-315.1324371060657,2.0,2.0,0.0,0.0,0.0,100.0
2023-09,AYI,0.5588462528972481,-4.69978414201867,0.5487980105774636,0.4,4.331068674256335,558.718835068324,1.0,0.0,1.0,0.0,0.0,0.0
2023-10,BOGA,0.4579444944474146,7.3224637975203954,0.9707727616605675,0.6129032258064516,-2.5137807701328154,-335.800630281389,3.0,2.0,0.0,1.0,2.0,66.66666666666667
2023-11,ZAYIF-BOGA,0.2425295773156763,2.769738416392742,0.8356939456993967,1.0,2.7695369927688707,351.26164585316036,3.0,2.0,1.0,0.0,3.0,66.66666666666667
2023-12,YATAY,0.02410557058798271,-0.4334671385569533,1.1262611387946249,1.0,8.479919054682881,1156.9983768599557,3.0,1.0,2.0,0.0,3.0,33.333333333333336
2024-01,YATAY,0.12351383624941432,-1.1528313178572391,0.7752670030652693,1.0,0.0,0.0,0.0,0.0,0.0,0.0,0.0,
2024-02,YATAY,0.06871152870137812,-0.5139323857704992,0.7392052182829806,1.0,-5.868804440920726,-838.7847966902582,5.0,5.0,0.0,0.0,5.0,100.0
2024-03,BOGA,0.4752478125635893,7.851056115674515,0.926315359129616,1.0,9.752465084903188,1377.9186870656736,2.0,0.0,2.0,0.0,2.0,0.0
2024-04,YATAY,0.09053234213449568,1.8844894247593835,1.3914885416818756,1.0,3.6320210049717425,518.2620163636332,8.0,5.0,2.0,1.0,8.0,62.5
2024-05,YATAY,0.007729306204397159,0.14447172924525464,1.149566156275412,1.0,0.05078737473854833,1.1845364023089076,5.0,3.0,2.0,0.0,5.0,60.0
2024-06,YATAY,0.00511662123798672,-0.09325331597188624,1.069965426674671,1.0,-1.9947870284130143,-315.5248519040741,4.0,3.0,1.0,0.0,4.0,75.0
2024-07,ZAYIF-BOGA,0.2351162116253061,4.866778895588508,1.0118505173111003,1.0,4.510195889422804,691.0712107087725,2.0,0.0,1.0,1.0,2.0,0.0
2024-08,YATAY,0.15672418515475345,2.3396116866098104,1.1928057872028617,1.0,2.8193189951138082,437.9958052157815,3.0,2.0,1.0,0.0,3.0,66.66666666666667
2024-09,BOGA,0.38319829522814125,5.302281167532663,0.8715650814351668,1.0,-2.2547181887484875,-370.0132186505167,2.0,2.0,0.0,0.0,2.0,100.0
2024-10,ZAYIF-BOGA,0.2389879823597313,3.2451099872266242,0.8538152274903319,1.0,8.702505253139597,1424.640903425735,3.0,1.0,2.0,0.0,3.0,33.333333333333336
2024-11,YATAY,0.14523733080991538,-3.141567932979883,1.179044355364634,1.0,1.7296850314052732,272.0220515723557,12.0,6.0,4.0,2.0,12.0,50.0
2024-12,YATAY,0.05814999100773375,-0.8066238407617221,1.0539145415600188,1.0,3.390839842631215,605.3556609153359,5.0,1.0,3.0,1.0,5.0,20.0
2025-01,BOGA,0.4717945113643737,6.652423905730975,0.7480869402430257,1.0,3.775442441808151,686.0645892778574,2.0,1.0,1.0,0.0,2.0,50.0
2025-02,YATAY,0.1597740333634368,2.105475709279747,1.0001503456924299,1.0,3.825457383110171,720.7444391176061,2.0,1.0,1.0,0.0,2.0,50.0
2025-03,BOGA,0.6082604236920138,9.217717338269038,0.9708917748208576,1.0,9.762204449926848,1984.3264724602682,2.0,0.0,2.0,0.0,2.0,0.0
2025-04,YATAY,0.14591941168025863,5.0576918508454805,1.7673963684501035,1.0,3.255206164148036,688.0469291182893,5.0,3.0,2.0,0.0,5.0,60.0
2025-05,YATAY,0.05655595891276574,1.6036676444374454,1.8733721514063664,1.0,-2.634506565619777,-593.6320997579733,5.0,4.0,1.0,0.0,5.0,80.0
2025-06,YATAY,0.003982076443060057,0.07139113003729047,1.2805234078738315,1.0,-8.522891118853932,-1800.1864639690693,9.0,7.0,0.0,2.0,9.0,77.77777777777777
2025-07,YATAY,0.10563770873686792,-1.4835786241246152,1.024654876044999,1.0,4.8730939895119,980.5115149302592,1.0,0.0,1.0,0.0,1.0,0.0
2025-08,ZAYIF-BOGA,0.23028554759666836,2.5356699405934657,0.9003047385657799,1.0,0.0,0.0,0.0,0.0,0.0,0.0,0.0,
2025-09,BOGA,0.6743507748532871,11.032016706118043,1.0806567815403856,1.0,9.46034790192908,2001.8947723646343,11.0,5.0,4.0,2.0,11.0,45.45454545454545
2025-10,YATAY,0.0993711902562504,3.581001588076105,1.8825501158659315,1.0,13.909678747743332,3348.1147616792973,8.0,2.0,4.0,2.0,8.0,25.0
2025-11,ZAYIF-BOGA,0.26559576397060086,5.5054285824958304,1.7024816258097093,1.0,3.9230928699682446,985.9968736219982,7.0,5.0,2.0,0.0,7.0,71.42857142857143
2025-12,YATAY,0.14142306270465713,2.1628965227495467,1.0991895700018612,1.0,6.57981464992406,1792.1267701418444,5.0,3.0,2.0,0.0,5.0,60.0
2026-01,ZAYIF-BOGA,0.2832667493725896,12.588260053061262,1.639407239408983,1.0,14.585514358702682,4477.273109188826,11.0,3.0,7.0,1.0,11.0,27.272727272727273
2026-02,ZAYIF-BOGA,0.2699569721019162,11.296980331080642,3.526537385211977,1.0,-1.1187164346534297,-396.15156902036813,7.0,4.0,2.0,1.0,7.0,57.142857142857146
2026-03,AYI,0.49508442519113016,-16.6000655336584,2.5492159308468936,0.9259259259259259,-6.8699259351128035,-2222.8991223819576,7.0,6.0,0.0,1.0,7.0,85.71428571428571
2026-04,YATAY,0.11086240567537009,-3.288313768971196,2.531719270119407,1.0,-1.327872622973423,-428.40930920200503,6.0,4.0,2.0,0.0,6.0,66.66666666666667
2026-05,YATAY,0.06634025221147585,-1.6088017100901242,1.6553873493218385,0.6451612903225806,1.2993843566320982,395.43771465210204,3.0,0.0,1.0,2.0,0.0,0.0
2026-06,AYI,0.35748525349063015,-10.676889077697238,2.048948844547969,0.0,15.056277873652746,4936.527352351919,9.0,1.0,6.0,2.0,0.0,11.11111111111111
