s,entry,exit,r,px,sl,dir,conf,reason
fvg,2022-02-07 01:35:00,2022-02-20 23:00:00,4.9282,1810.03,1790.87,bull,EMA,tp
fvg,2022-02-22 01:05:00,2022-02-23 09:30:00,-1.0897741351377108,1905.72,1890.39,bull,EMA,sl
fib,2022-02-22 01:05:00,2022-02-23 09:30:00,-1.0898,1905.72,1890.39,bull,FIB618,sl
fib,2022-03-04 15:00:00,2022-03-08 14:35:00,4.904761904761905,1946.38,1931.15,bull,FIB618,tp
harmonic,2022-03-04 02:20:00,2022-03-08 14:35:00,4.9149,1937.15,1920.36,bull,EMA+PRZ,tp
fvg,2022-03-04 14:35:00,2022-03-15 05:15:00,-1.0515513586432839,1958.7,1931.41,bull,EMA,sl
harmonic,2022-03-21 07:30:00,2022-03-22 14:00:00,-1.1660470879801734,1924.79,1916.4,bull,EMA+PRZ,sl
fvg,2022-03-24 12:30:00,2022-03-28 05:50:00,-1.144902132632194,1945.14,1935.43,bull,EMA,sl
harmonic,2022-04-08 17:20:00,2022-04-22 15:10:00,-1.0968270807213811,1941.21,1926.73,bull,EMA+PRZ,sl
harmonic,2022-05-04 07:00:00,2022-05-05 12:45:00,4.827401267674306,1867.51,1859.65,bull,EMA+PRZ,tp
harmonic,2022-05-18 01:20:00,2022-05-19 12:35:00,-1.0572093023255815,1814.57,1837.84,bear,EMA+PRZ,sl
harmonic,2022-05-31 00:35:00,2022-06-02 13:25:00,-1.0978659396446366,1848.73,1862.54,bear,EMA+PRZ,sl
harmonic,2022-06-09 19:25:00,2022-06-10 14:45:00,-1.2019011406844107,1847.78,1854.45,bear,EMA+PRZ,sl
harmonic,2022-06-30 14:35:00,2022-07-06 14:10:00,4.883779103328844,1809.14,1820.4,bear,EMA+PRZ,tp
fvg,2022-06-23 22:25:00,2022-07-14 13:45:00,4.949074074074074,1823.25,1848.24,bear,EMA,tp
fvg,2022-07-20 08:30:00,2022-07-21 15:00:00,-1.1779613290782804,1707.81,1714.83,bear,EMA,sl
harmonic,2022-09-06 12:30:00,2022-09-08 07:00:00,-1.1148518484542702,1711.51,1722.42,bear,EMA+PRZ,sl
fvg,2022-08-26 14:00:00,2022-09-15 14:50:00,4.920695222718207,1745.23,1760.65,bear,EMA,tp
fib,2022-08-26 14:00:00,2022-09-15 14:50:00,4.92068234387047,1745.23,1760.65,bear,FIB618,tp
threevol,2022-10-10 06:30:00,2022-10-10 07:10:00,-1.4259,1684.98,1687.87,bear,EMA+3VOL,sl
threevol,2022-10-14 15:15:00,2022-10-16 22:00:00,-0.25900375367758954,1645.29,1645.29,bear,EMA+3VOL,be
fvg,2022-11-03 02:15:00,2022-11-04 14:15:00,-1.0370236263238888,1638.61,1671.38,bear,EMA,sl
harmonic,2022-10-13 12:30:00,2022-11-04 18:40:00,-1.0612244897959184,1658.71,1678.65,bear,EMA+RSI+PRZ,sl
threevol,2022-11-07 07:20:00,2022-11-07 08:10:00,-1.4174125305126122,1667.72,1670.64,bear,EMA+3VOL,sl
fib,2022-11-15 13:30:00,2022-11-17 02:25:00,-1.068522090566731,1785.39,1766.55,bull,FIB618,sl
fvg,2022-11-15 13:40:00,2022-11-17 02:25:00,-1.119099890230516,1777.37,1766.55,bull,EMA,sl
harmonic,2022-12-30 01:00:00,2023-01-03 02:35:00,4.598406000937646,1815.88,1812.52,bull,EMA+PRZ,tp
harmonic,2023-01-12 13:30:00,2023-02-03 14:15:00,-1.089548225170312,1893.36,1878.09,bull,EMA+PRZ,sl
threevol,2023-02-07 15:35:00,2023-02-07 17:30:00,-0.2658619622407923,1872.79,1872.79,bull,EMA+3VOL,be
harmonic,2023-02-07 15:35:00,2023-02-07 18:40:00,-1.2652709806054017,1872.79,1867.67,bull,EMA+PRZ,sl
threevol,2023-02-08 07:25:00,2023-02-08 10:50:00,-0.3306092893348505,1879.28,1879.28,bull,EMA+3VOL,be
harmonic,2023-02-14 07:15:00,2023-02-14 14:25:00,-1.1402478201009638,1858.22,1848.62,bull,EMA+PRZ,sl
harmonic,2023-02-17 16:00:00,2023-02-24 12:10:00,-1.0651810584958217,1836.73,1816.38,bull,EMA+PRZ,sl
harmonic,2023-02-28 21:00:00,2023-03-15 16:25:00,4.93506006006006,1826.65,1805.2,bull,EMA+PRZ,tp
threevol,2023-03-23 16:25:00,2023-03-23 18:00:00,1.6240788790866632,1992.28,1992.28,bull,EMA+3VOL,tp
threevol,2023-03-23 18:05:00,2023-03-23 18:55:00,-1.3613522622816872,2001.47,1997.46,bull,EMA+3VOL,sl
threevol,2023-03-30 14:20:00,2023-03-30 16:35:00,1.7599917167115344,1970.58,1970.58,bull,EMA+3VOL,tp
threevol,2023-04-04 14:10:00,2023-04-05 14:30:00,-0.10785510785510785,2016.0,2016.0,bull,EMA+3VOL,be
harmonic,2023-04-04 13:15:00,2023-04-13 12:30:00,4.855558536803506,1985.08,1974.87,bull,EMA+PRZ,tp
fvg,2023-04-11 14:45:00,2023-04-13 12:50:00,4.808048103607771,2002.11,1994.5,bull,EMA,tp
harmonic,2023-05-30 23:45:00,2023-05-31 01:45:00,-1.5678096212896624,1958.38,1955.88,bull,EMA+PRZ,sl
harmonic,2023-06-01 12:00:00,2023-06-02 17:50:00,-1.0953123646131184,1966.16,1951.28,bull,EMA+PRZ,sl
fvg,2023-06-12 12:35:00,2023-06-12 13:45:00,-1.1370697263901148,1962.86,1952.51,bull,EMA,sl
harmonic,2023-07-05 12:40:00,2023-07-05 14:35:00,-1.1366742596810935,1929.36,1919.15,bull,EMA+PRZ,sl
harmonic,2023-07-25 15:00:00,2023-07-27 13:35:00,-1.1161822048918824,1963.09,1950.88,bull,EMA+PRZ,sl
harmonic,2023-08-15 05:40:00,2023-08-15 14:35:00,-1.2788134074206847,1904.73,1909.7,bear,EMA+PRZ,sl
harmonic,2023-08-29 12:15:00,2023-08-29 14:00:00,-1.1200980392156863,1915.75,1927.38,bear,EMA+PRZ,sl
harmonic,2023-09-05 05:30:00,2023-09-05 13:50:00,4.331068674256335,1937.86,1939.94,bear,EMA+PRZ,tp
harmonic,2023-10-02 00:35:00,2023-10-12 06:35:00,-1.0392467441041886,1846.2,1880.87,bear,EMA+PRZ,sl
threevol,2023-10-19 16:55:00,2023-10-19 17:15:00,-0.2971376184170317,1961.58,1961.58,bull,EMA+3VOL,be
harmonic,2023-10-27 06:05:00,2023-10-27 10:55:00,-1.1773964076115953,1989.13,1981.02,bull,EMA+PRZ,sl
harmonic,2023-10-27 18:15:00,2023-11-01 18:40:00,-1.0474176714054346,2004.59,1974.29,bull,EMA+PRZ,sl
harmonic,2023-11-03 13:40:00,2023-11-06 03:40:00,-1.0896608165863417,1998.3,1982.23,bull,EMA+PRZ,sl
fvg,2023-11-14 02:55:00,2023-11-28 14:00:00,4.906615480760647,1945.37,1929.94,bull,EMA,tp
harmonic,2023-11-21 19:10:00,2023-12-03 23:00:00,4.906591891146457,1997.64,1981.92,bull,EMA+PRZ,tp
fib,2023-11-21 19:10:00,2023-12-03 23:00:00,4.906592386258125,1997.64,1981.92,bull,FIB618,tp
threevol,2023-12-14 00:30:00,2023-12-14 01:10:00,-1.3332652227217001,2036.34,2031.92,bull,EMA+3VOL,sl
harmonic,2024-01-30 13:00:00,2024-02-02 14:00:00,-1.1961265445622646,2035.38,2027.88,bull,EMA+PRZ,sl
harmonic,2024-02-07 14:05:00,2024-02-08 08:35:00,-1.2303325942350332,2035.8,2029.41,bull,EMA+PRZ,sl
fvg,2024-02-06 17:45:00,2024-02-08 14:00:00,-1.0891063829787233,2037.19,2020.71,bull,EMA,sl
harmonic,2024-02-09 01:15:00,2024-02-12 14:05:00,-1.0936602011494254,2033.99,2018.34,bull,EMA+PRZ,sl
harmonic,2024-02-29 05:20:00,2024-02-29 11:45:00,-1.2595787179952787,2034.89,2029.22,bull,EMA+PRZ,sl
fib,2024-03-07 07:45:00,2024-03-20 22:15:00,4.870431011593946,2153.8,2141.62,bull,FIB618,tp
fvg,2024-03-07 07:25:00,2024-03-20 22:15:00,4.882034073309241,2155.03,2141.62,bull,EMA,tp
harmonic,2024-03-01 20:25:00,2024-04-03 16:25:00,4.961011494252873,2084.3,2042.7,bull,EMA+PRZ,tp
fvg,2024-04-01 22:25:00,2024-04-12 07:55:00,4.941263330598852,2254.62,2225.66,bull,EMA,tp
fib,2024-04-12 12:50:00,2024-04-12 16:15:00,-1.1087855515233354,2395.52,2379.72,bull,FIB618,sl
fvg,2024-04-12 12:50:00,2024-04-12 16:15:00,-1.1088180112570356,2395.52,2379.72,bull,EMA,sl
threevol,2024-04-15 05:45:00,2024-04-15 05:50:00,-0.45961896873058605,2358.2,2358.2,bull,EMA+3VOL,be
harmonic,2024-04-15 05:45:00,2024-04-15 08:30:00,-1.132544897065265,2358.2,2345.42,bull,EMA+PRZ,sl
threevol,2024-04-24 04:00:00,2024-04-24 04:55:00,-1.4124622906480808,2329.4,2325.33,bull,EMA+3VOL,sl
harmonic,2024-04-23 19:30:00,2024-04-30 20:30:00,-1.0480241006556796,2322.13,2287.59,bull,EMA+PRZ,sl
fib,2024-05-02 02:55:00,2024-05-02 13:00:00,-1.0606758832565284,2319.81,2292.43,bull,FIB618,sl
fvg,2024-05-02 02:50:00,2024-05-02 13:00:00,-1.0607905138339921,2319.75,2292.43,bull,EMA,sl
harmonic,2024-05-01 17:35:00,2024-05-03 13:35:00,-1.075132085609385,2300.68,2278.73,bull,EMA+PRZ,sl
threevol,2024-05-20 00:25:00,2024-05-20 01:00:00,1.6074066258704367,2421.26,2421.26,bull,EMA+3VOL,tp
threevol,2024-05-20 03:35:00,2024-05-20 05:35:00,1.6399792315680168,2436.46,2436.46,bull,EMA+3VOL,tp
fvg,2024-05-06 12:40:00,2024-06-07 19:55:00,-1.0474592521572388,2324.15,2289.17,bull,EMA,sl
threevol,2024-06-20 14:00:00,2024-06-20 14:45:00,1.6709235798937476,2351.3,2351.3,bull,EMA+3VOL,tp
threevol,2024-06-24 07:30:00,2024-06-24 09:30:00,-1.3976484775399458,2328.67,2324.45,bull,EMA+3VOL,sl
harmonic,2024-06-24 12:00:00,2024-06-25 15:30:00,-1.2206028786095773,2325.97,2318.38,bull,EMA+RSI+PRZ,sl
fvg,2024-07-16 04:40:00,2024-07-17 01:50:00,4.826645135244247,2427.82,2417.52,bull,EMA,tp
threevol,2024-07-23 14:30:00,2024-07-24 01:25:00,-0.3164492458214431,2406.16,2406.16,bull,EMA+3VOL,be
harmonic,2024-07-05 14:05:00,2024-08-20 13:30:00,4.940890762463343,2376.8,2346.34,bull,EMA+PRZ,tp
fib,2024-08-20 14:20:00,2024-08-21 14:00:00,-1.0635728456827396,2522.65,2494.32,bull,FIB618,sl
fvg,2024-08-20 14:15:00,2024-08-21 14:00:00,-1.057998921666795,2525.38,2494.32,bull,EMA,sl
fvg,2024-08-23 20:15:00,2024-09-02 02:30:00,-1.0918645387310237,2511.05,2491.48,bull,EMA,sl
harmonic,2024-09-16 13:35:00,2024-09-17 09:40:00,-1.1628536500174642,2584.03,2572.65,bull,EMA+PRZ,sl
harmonic,2024-09-24 13:00:00,2024-10-08 15:00:00,-1.1308535076868704,2633.96,2619.54,bull,EMA+RSI+PRZ,sl
fvg,2024-09-19 06:00:00,2024-10-18 18:45:00,4.933805588351043,2576.52,2547.74,bull,EMA,tp
harmonic,2024-10-11 07:45:00,2024-10-22 13:45:00,4.899553172475424,2644.52,2625.31,bull,EMA+PRZ,tp
harmonic,2024-10-25 15:15:00,2024-11-06 06:30:00,-1.0778601243717523,2738.86,2713.76,bull,EMA+PRZ,sl
threevol,2024-11-07 20:20:00,2024-11-07 20:40:00,-1.3233820672732848,2709.36,2703.35,bull,EMA+3VOL,sl
harmonic,2024-11-07 20:45:00,2024-11-11 13:30:00,-1.0355666551842921,2703.01,2649.12,bull,EMA+PRZ,sl
fvg,2024-11-07 20:45:00,2024-11-11 13:30:00,-1.0355535553555357,2703.01,2649.12,bull,EMA,sl
threevol,2024-11-17 23:10:00,2024-11-18 01:20:00,1.7215084956485702,2572.92,2572.92,bull,EMA+3VOL,tp
threevol,2024-11-18 13:35:00,2024-11-18 15:55:00,1.6290486860867792,2602.67,2602.67,bull,EMA+3VOL,tp
harmonic,2024-11-18 08:50:00,2024-11-19 01:10:00,4.704229028889662,2585.4,2578.99,bull,EMA+PRZ,tp
threevol,2024-11-19 02:35:00,2024-11-19 07:00:00,-0.4425736620565243,2622.06,2622.06,bull,EMA+3VOL,be
threevol,2024-11-19 12:20:00,2024-11-19 13:25:00,-1.3645057378699417,2634.68,2629.49,bull,EMA+3VOL,sl
threevol,2024-11-22 06:55:00,2024-11-22 09:30:00,1.5271483976321698,2692.55,2692.55,bull,EMA+3VOL,tp
threevol,2024-11-27 08:50:00,2024-11-27 11:10:00,-1.3822878970647365,2651.53,2646.55,bull,EMA+3VOL,sl
threevol,2024-11-29 02:10:00,2024-11-29 08:40:00,-0.190519877675841,2656.01,2656.01,bull,EMA+3VOL,be
threevol,2024-12-03 16:20:00,2024-12-03 17:35:00,-0.4646650326797386,2643.45,2643.45,bull,EMA+3VOL,be
harmonic,2024-12-03 16:20:00,2024-12-04 13:00:00,-1.2515791223404256,2643.45,2635.91,bull,EMA+PRZ,sl
threevol,2024-12-09 01:10:00,2024-12-09 13:45:00,1.815924481838703,2642.56,2642.56,bull,EMA+3VOL,tp
threevol,2024-12-10 13:45:00,2024-12-10 14:35:00,1.5897410057442305,2678.75,2678.75,bull,EMA+3VOL,tp
threevol,2024-12-11 15:00:00,2024-12-12 00:55:00,1.7014185100684456,2709.25,2709.25,bull,EMA+3VOL,tp
harmonic,2024-12-20 11:55:00,2025-01-10 14:00:00,4.882006396229592,2603.24,2586.94,bull,EMA+PRZ,tp
harmonic,2025-01-10 14:00:00,2025-01-13 12:30:00,-1.1065639544214412,2685.45,2667.42,bull,EMA+PRZ,sl
fvg,2024-11-19 06:50:00,2025-02-05 08:40:00,4.958693345460057,2626.01,2577.89,bull,EMA,tp
harmonic,2025-02-07 14:20:00,2025-02-07 17:20:00,-1.1332359623498864,2871.13,2855.73,bull,EMA+RSI+PRZ,sl
harmonic,2025-03-03 04:40:00,2025-03-13 02:40:00,4.859980302035456,2867.38,2852.49,bull,EMA+PRZ,tp
fvg,2025-03-13 14:00:00,2025-03-28 01:00:00,4.902224147891393,2951.92,2929.5,bull,EMA,tp
fvg,2025-04-02 22:45:00,2025-04-03 10:30:00,-1.0536931231499964,3144.16,3102.62,bull,EMA,sl
threevol,2025-04-10 00:20:00,2025-04-10 01:15:00,-1.2535115099492782,3092.84,3084.12,bull,EMA+3VOL,sl
threevol,2025-04-10 18:40:00,2025-04-10 22:30:00,1.6501382852627422,3173.3,3173.3,bull,EMA+3VOL,tp
harmonic,2025-03-14 03:55:00,2025-04-16 01:05:00,4.959301870548642,2992.07,2935.69,bull,EMA+PRZ,tp
fvg,2025-04-16 20:25:00,2025-04-17 14:35:00,-1.047029358564074,3338.24,3288.01,bull,EMA,sl
harmonic,2025-05-08 01:00:00,2025-05-08 05:55:00,-1.068903803131991,3393.26,3358.33,bull,EMA+PRZ,sl
fvg,2025-05-05 23:30:00,2025-05-08 17:05:00,-1.076631046119235,3332.2,3301.32,bull,EMA,sl
fib,2025-05-06 00:20:00,2025-05-08 17:05:00,-1.0977332170880558,3325.61,3301.41,bull,FIB618,sl
harmonic,2025-05-13 22:35:00,2025-05-14 11:55:00,-1.0755257405592824,3251.9,3221.29,bull,EMA+PRZ,sl
threevol,2025-05-15 15:25:00,2025-05-15 19:40:00,1.6842872412787875,3215.55,3215.55,bull,EMA+3VOL,tp
threevol,2025-06-04 01:20:00,2025-06-04 02:40:00,-0.30313455657492355,3363.1,3363.1,bull,EMA+3VOL,be
fvg,2025-06-06 05:55:00,2025-06-06 12:30:00,-1.1769012082444918,3365.48,3351.92,bull,EMA,sl
harmonic,2025-06-06 05:00:00,2025-06-06 12:30:00,-1.1079701310576042,3374.15,3351.92,bull,EMA+PRZ,sl
harmonic,2025-06-09 14:40:00,2025-06-10 01:30:00,-1.2507897372678944,3317.76,3308.32,bull,EMA+PRZ,sl
threevol,2025-06-11 02:15:00,2025-06-11 09:05:00,-0.3141953417042078,3335.35,3335.35,bull,EMA+3VOL,be
fvg,2025-06-13 03:25:00,2025-06-17 03:20:00,-1.0437252786767348,3429.7,3374.28,bull,EMA,sl
harmonic,2025-06-10 12:30:00,2025-06-24 13:40:00,-1.0583645443196004,3338.41,3297.87,bull,EMA+PRZ,sl
harmonic,2025-06-25 06:00:00,2025-06-25 13:00:00,-1.1582682753726046,3332.36,3317.35,bull,EMA+PRZ,sl
harmonic,2025-06-25 18:20:00,2025-06-27 03:05:00,-1.1095420456358704,3329.49,3307.86,bull,EMA+PRZ,sl
harmonic,2025-07-11 00:10:00,2025-07-22 14:25:00,4.8730939895119,3326.09,3306.89,bull,EMA+PRZ,tp
fvg,2025-08-28 11:55:00,2025-09-09 00:00:00,4.869331395348837,3403.59,3384.46,bull,EMA,tp
harmonic,2025-07-31 12:15:00,2025-09-09 00:00:00,4.942303254096469,3306.56,3263.92,bull,EMA+RSI+PRZ,tp
harmonic,2025-09-09 13:30:00,2025-09-09 15:15:00,-1.0818121838574883,3663.14,3631.38,bull,EMA+PRZ,sl
threevol,2025-09-16 00:15:00,2025-09-16 01:00:00,-0.46740384615384617,3680.96,3680.96,bull,EMA+3VOL,be
harmonic,2025-09-15 11:55:00,2025-09-16 14:15:00,4.783088780198606,3642.09,3630.06,bull,EMA+PRZ,tp
threevol,2025-09-22 06:35:00,2025-09-22 12:20:00,-0.2662544681673268,3712.88,3712.88,bull,EMA+3VOL,be
threevol,2025-09-23 08:40:00,2025-09-23 09:20:00,1.6629213483146068,3769.62,3769.62,bull,EMA+3VOL,tp
harmonic,2025-09-25 11:55:00,2025-09-25 13:40:00,-1.0968951128085438,3752.56,3725.07,bull,EMA+PRZ,sl
threevol,2025-09-26 00:55:00,2025-09-26 01:15:00,-1.4343973320628869,3749.09,3742.94,bull,EMA+3VOL,sl
threevol,2025-09-29 08:10:00,2025-09-29 09:45:00,-1.3702271628806186,3815.42,3808.08,bull,EMA+3VOL,sl
fib,2025-09-30 06:55:00,2025-09-30 08:20:00,-1.0803067700987306,3855.1,3821.08,bull,FIB618,sl
fvg,2025-09-22 22:45:00,2025-10-05 22:55:00,4.914206514206514,3740.22,3708.44,bull,EMA,tp
harmonic,2025-09-26 00:55:00,2025-10-05 23:00:00,4.912685926773455,3749.09,3717.43,bull,EMA+PRZ,tp
fvg,2025-10-08 01:55:00,2025-10-09 17:10:00,-1.065922451945307,4000.04,3957.12,bull,EMA,sl
fvg,2025-10-15 00:25:00,2025-10-16 16:25:00,4.889230152901114,4155.41,4128.18,bull,EMA,tp
threevol,2025-10-20 15:10:00,2025-10-20 19:40:00,1.736940115652259,4345.52,4345.52,bull,EMA+3VOL,tp
fvg,2025-10-20 04:55:00,2025-10-21 12:45:00,-1.0567154678548696,4265.74,4212.66,bull,EMA,sl
threevol,2025-10-23 12:35:00,2025-10-23 19:35:00,-0.16522157996146433,4124.26,4124.26,bull,EMA+3VOL,be
threevol,2025-10-29 08:05:00,2025-10-29 13:30:00,-0.2555244620283702,4009.46,4009.46,bull,EMA+3VOL,be
fib,2025-11-10 14:40:00,2025-11-12 15:10:00,4.794243450365354,4080.81,4066.41,bull,FIB618,tp
fvg,2025-11-05 11:55:00,2025-11-12 15:30:00,4.931227483273289,3966.38,3924.02,bull,EMA,tp
fvg,2025-11-13 12:50:00,2025-11-13 14:40:00,-1.07161250766401,4238.89,4197.06,bull,EMA,sl
fib,2025-11-13 13:00:00,2025-11-13 14:40:00,-1.0909863945578233,4229.99,4197.08,bull,FIB618,sl
threevol,2025-11-17 01:30:00,2025-11-17 02:00:00,-1.3100512721292443,4098.72,4089.32,bull,EMA+3VOL,sl
fvg,2025-11-19 12:50:00,2025-11-19 16:25:00,-1.0679888441276728,4114.99,4072.2,bull,EMA,sl
threevol,2025-11-25 02:45:00,2025-11-25 03:15:00,-1.261739045191648,4154.84,4143.56,bull,EMA+3VOL,sl
harmonic,2025-12-03 15:00:00,2025-12-04 03:00:00,-1.1101492740781131,4215.39,4188.27,bull,EMA+PRZ,sl
harmonic,2025-12-04 16:40:00,2025-12-08 15:05:00,-1.0968431210366694,4210.39,4179.59,bull,EMA+PRZ,sl
harmonic,2025-12-10 20:00:00,2025-12-22 13:10:00,4.922851766673635,4223.31,4183.17,bull,EMA+PRZ,tp
fvg,2025-12-10 20:00:00,2025-12-22 13:10:00,4.922884169642298,4223.31,4183.17,bull,EMA,tp
fvg,2025-12-26 02:30:00,2025-12-29 11:40:00,-1.0589288912770911,4497.06,4443.23,bull,EMA,sl
threevol,2026-01-02 02:55:00,2026-01-02 07:55:00,1.681294678316124,4362.28,4362.28,bull,EMA+3VOL,tp
threevol,2026-01-05 05:55:00,2026-01-05 08:15:00,1.629369263815661,4411.89,4411.89,bull,EMA+3VOL,tp
threevol,2026-01-11 23:25:00,2026-01-12 00:10:00,1.6144682486309925,4537.15,4537.15,bull,EMA+3VOL,tp
threevol,2026-01-12 00:10:00,2026-01-12 00:30:00,1.7131511770823484,4552.95,4552.95,bull,EMA+3VOL,tp
fvg,2026-01-02 05:55:00,2026-01-21 00:30:00,4.958906589427951,4380.03,4299.86,bull,EMA,tp
threevol,2026-01-23 19:50:00,2026-01-23 20:05:00,-1.2751440788250605,4988.16,4975.31,bull,EMA+3VOL,sl
threevol,2026-01-26 01:30:00,2026-01-26 04:45:00,-1.184069296676396,5083.27,5063.72,bull,EMA+3VOL,sl
threevol,2026-01-26 06:40:00,2026-01-26 07:00:00,-1.2199142448785136,5091.64,5075.24,bull,EMA+3VOL,sl
fvg,2026-01-23 19:00:00,2026-01-28 21:45:00,4.9558443051802445,4975.9,4891.1,bull,EMA,tp
threevol,2026-01-28 23:15:00,2026-01-28 23:35:00,1.9148258898427701,5491.59,5445.32,bull,EMA+3VOL,tp
threevol,2026-01-29 03:50:00,2026-01-29 05:20:00,-0.20321817321344057,5543.64,5543.64,bull,EMA+3VOL,be
threevol,2026-02-04 00:10:00,2026-02-04 01:10:00,1.889226100151745,4986.27,4986.27,bull,EMA+3VOL,tp
threevol,2026-02-04 03:35:00,2026-02-04 08:35:00,-0.17164665363492507,5069.65,5069.65,bull,EMA+3VOL,be
threevol,2026-02-06 18:35:00,2026-02-06 19:35:00,-1.2266666666666668,4964.43,4948.91,bull,EMA+3VOL,sl
threevol,2026-02-11 05:35:00,2026-02-11 05:50:00,-1.302463891248938,5061.68,5049.82,bull,EMA+3VOL,sl
fvg,2026-02-11 12:50:00,2026-02-11 13:30:00,-1.0870446453026568,5077.94,5036.77,bull,EMA,sl
threevol,2026-02-22 23:10:00,2026-02-23 16:15:00,1.8838833094213296,5145.68,5145.68,bull,EMA+3VOL,tp
fvg,2026-02-23 14:05:00,2026-02-24 13:55:00,-1.1040039873733178,5149.72,5114.74,bull,EMA,sl
fvg,2026-03-02 13:05:00,2026-03-02 14:25:00,-1.0584611938626947,5396.89,5331.97,bull,EMA,sl
fib,2026-03-02 13:10:00,2026-03-02 14:25:00,-1.0735104462213052,5383.58,5331.97,bull,FIB618,sl
threevol,2026-03-05 02:55:00,2026-03-05 04:00:00,-1.2561960195268496,5191.43,5177.08,bull,EMA+3VOL,sl
harmonic,2026-03-06 15:00:00,2026-03-08 23:40:00,-1.0376619063434074,5147.18,5051.5,bull,EMA+PRZ,sl
fvg,2026-03-09 23:20:00,2026-03-13 14:55:00,-1.0382590978550001,5145.61,5051.35,bull,EMA,sl
fib,2026-03-10 00:00:00,2026-03-13 14:55:00,-1.0438863300599637,5133.64,5051.49,bull,FIB618,sl
threevol,2026-03-17 01:55:00,2026-03-17 05:45:00,-0.3619509412435824,5027.47,5027.47,bull,EMA+3VOL,be
threevol,2026-04-13 18:50:00,2026-04-13 19:05:00,-1.4235687022900763,4738.89,4730.95,bull,EMA+3VOL,sl
threevol,2026-04-14 13:20:00,2026-04-14 14:35:00,1.7305197947923725,4791.09,4791.09,bull,EMA+3VOL,tp
threevol,2026-04-16 06:45:00,2026-04-16 08:00:00,-1.2721217887725975,4828.23,4815.65,bull,EMA+3VOL,sl
fvg,2026-04-13 18:50:00,2026-04-21 19:40:00,-1.071432656562768,4738.89,4692.08,bull,EMA,sl
harmonic,2026-04-07 17:00:00,2026-04-28 11:15:00,-1.0485938653600912,4665.18,4597.64,bull,EMA+PRZ,sl
threevol,2026-04-30 06:55:00,2026-04-30 08:00:00,1.7573245952197378,4589.04,4589.04,bull,EMA+3VOL,tp
threevol,2026-05-18 00:05:00,2026-05-18 00:40:00,1.845913438772611,4523.78,4523.78,bear,EMA+3VOL,tp
threevol,2026-05-19 13:25:00,2026-05-20 10:20:00,-0.10769087696456803,4492.14,4492.14,bear,EMA+3VOL,be
threevol,2026-05-26 04:30:00,2026-05-26 05:05:00,-0.4388382051759449,4530.34,4530.34,bear,EMA+3VOL,be
threevol,2026-06-03 04:35:00,2026-06-03 06:45:00,1.5945769050958392,4471.71,4471.71,bear,EMA+3VOL,tp
threevol,2026-06-03 15:10:00,2026-06-03 17:05:00,-0.3385181776346065,4445.93,4445.93,bear,EMA+3VOL,be
threevol,2026-06-05 01:40:00,2026-06-05 06:25:00,-0.25498707055781306,4446.14,4446.14,bear,EMA+3VOL,be
fvg,2026-06-01 11:55:00,2026-06-08 05:35:00,4.931263729910973,4505.94,4551.21,bear,EMA,tp
threevol,2026-06-09 19:15:00,2026-06-09 22:50:00,1.7392833996852144,4255.44,4255.44,bear,EMA+3VOL,tp
threevol,2026-06-18 12:35:00,2026-06-18 13:15:00,-1.1693511693511693,4242.62,4260.5,bear,EMA+3VOL,sl
threevol,2026-06-23 01:40:00,2026-06-23 04:55:00,1.8346224677716392,4154.61,4154.61,bear,EMA+3VOL,tp
fib,2026-06-18 13:30:00,2026-06-24 13:10:00,4.951958545582294,4272.28,4332.46,bear,FIB618,tp
threevol,2026-06-30 00:40:00,2026-06-30 01:05:00,1.7674292431503753,3991.86,3991.86,bear,EMA+3VOL,tp
harmonic,2026-06-23 01:40:00,2026-07-12 23:55:00,0.0,4154.61,4220.14,bear,EMA+PRZ,open
fvg,2026-06-18 13:05:00,2026-07-12 23:55:00,0.0,4251.91,4332.46,bear,EMA,open
