s,entry,exit,r,px,dir,reason
fvg,2022-02-07 01:35:00,2022-02-20 23:00:00,4.9282,1810.03,bull,tp
fvg,2022-02-22 01:05:00,2022-02-23 09:30:00,-1.0897741351377108,1905.72,bull,sl
fib,2022-02-22 01:05:00,2022-02-23 09:30:00,-1.0898,1905.72,bull,sl
harmonic,2022-03-04 02:20:00,2022-03-08 14:35:00,4.9149,1937.15,bull,tp
fib,2022-03-04 15:00:00,2022-03-08 14:35:00,4.904761904761905,1946.38,bull,tp
fvg,2022-03-04 14:35:00,2022-03-15 05:15:00,-1.0515513586432839,1958.7,bull,sl
harmonic,2022-03-21 07:30:00,2022-03-22 14:00:00,-1.1660470879801734,1924.79,bull,sl
fvg,2022-03-24 12:30:00,2022-03-28 05:50:00,-1.144902132632194,1945.14,bull,sl
harmonic,2022-04-08 17:20:00,2022-04-22 15:10:00,-1.0968270807213811,1941.21,bull,sl
harmonic,2022-05-04 07:00:00,2022-05-05 12:45:00,4.827401267674306,1867.51,bull,tp
harmonic,2022-05-18 01:20:00,2022-05-19 12:35:00,-1.0572093023255815,1814.57,bear,sl
harmonic,2022-05-31 00:35:00,2022-06-02 13:25:00,-1.0978659396446366,1848.73,bear,sl
harmonic,2022-06-09 19:25:00,2022-06-10 14:45:00,-1.2019011406844107,1847.78,bear,sl
harmonic,2022-06-30 14:35:00,2022-07-06 14:10:00,4.883779103328844,1809.14,bear,tp
fvg,2022-06-23 22:25:00,2022-07-14 13:45:00,4.949074074074074,1823.25,bear,tp
fvg,2022-07-20 08:30:00,2022-07-21 15:00:00,-1.1779613290782804,1707.81,bear,sl
harmonic,2022-09-06 12:30:00,2022-09-08 07:00:00,-1.1148518484542702,1711.51,bear,sl
fvg,2022-08-26 14:00:00,2022-09-15 14:50:00,4.920695222718207,1745.23,bear,tp
fib,2022-08-26 14:00:00,2022-09-15 14:50:00,4.92068234387047,1745.23,bear,tp
threevol,2022-10-10 06:30:00,2022-10-10 07:10:00,-1.4259,1684.98,bear,sl
threevol,2022-10-14 15:15:00,2022-10-16 22:00:00,-0.25900375367758954,1645.29,bear,be
harmonic,2022-10-26 14:00:00,2022-10-28 07:10:00,-1.0918367346938775,1666.04,bull,sl
harmonic,2022-11-01 18:15:00,2022-11-02 19:20:00,-1.1193021947101858,1649.9,bull,sl
fvg,2022-11-03 02:15:00,2022-11-04 14:15:00,-1.0370236263238888,1638.61,bear,sl
harmonic,2022-10-13 12:30:00,2022-11-04 18:40:00,-1.0612244897959184,1658.71,bear,sl
threevol,2022-11-07 07:20:00,2022-11-07 08:10:00,-1.4174125305126122,1667.72,bear,sl
fvg,2022-11-04 07:10:00,2022-11-10 15:00:00,4.937268036571014,1647.03,bull,tp
fvg,2022-11-15 13:40:00,2022-11-17 02:25:00,-1.1190974037288726,1777.37,bull,sl
fib,2022-11-15 13:30:00,2022-11-17 02:25:00,-1.068522090566731,1785.39,bull,sl
harmonic,2022-12-30 01:00:00,2023-01-03 02:35:00,4.598388952819333,1815.88,bull,tp
harmonic,2023-01-12 13:30:00,2023-02-03 14:15:00,-1.0895672900623394,1893.36,bull,sl
threevol,2023-02-07 15:35:00,2023-02-07 17:30:00,-0.2658619622407923,1872.79,bull,be
harmonic,2023-02-07 15:35:00,2023-02-07 18:40:00,-1.265270182593382,1872.79,bull,sl
threevol,2023-02-08 07:25:00,2023-02-08 10:50:00,-0.3306092893348505,1879.28,bull,be
harmonic,2023-02-14 07:15:00,2023-02-14 14:25:00,-1.1401614720240332,1858.22,bull,sl
harmonic,2023-02-17 16:00:00,2023-02-24 12:10:00,-1.065141012249549,1836.73,bull,sl
harmonic,2023-02-22 16:00:00,2023-03-03 11:15:00,-1.1122400531763366,1836.13,bear,sl
harmonic,2023-02-28 21:00:00,2023-03-15 16:25:00,4.935118533448509,1826.65,bull,tp
threevol,2023-03-23 16:25:00,2023-03-23 18:00:00,1.6240788790866632,1992.28,bull,tp
threevol,2023-03-23 18:05:00,2023-03-23 18:55:00,-1.3613522622816872,2001.47,bull,sl
threevol,2023-03-30 14:20:00,2023-03-30 16:35:00,1.7599917167115344,1970.58,bull,tp
threevol,2023-04-04 14:10:00,2023-04-05 14:30:00,-0.10785510785510785,2016.0,bull,be
harmonic,2023-04-04 13:15:00,2023-04-13 12:30:00,4.855491863905325,1985.08,bull,tp
fvg,2023-04-11 14:45:00,2023-04-13 12:50:00,4.8080888183980965,2002.11,bull,tp
harmonic,2023-05-30 23:45:00,2023-05-31 01:45:00,-1.5678511595097435,1958.38,bull,sl
harmonic,2023-06-01 12:00:00,2023-06-02 17:50:00,-1.095314879512676,1966.16,bull,sl
fvg,2023-06-12 12:35:00,2023-06-12 13:45:00,-1.137116435477091,1962.86,bull,sl
harmonic,2023-07-05 12:40:00,2023-07-05 14:35:00,-1.1366724028620596,1929.36,bull,sl
harmonic,2023-07-25 15:00:00,2023-07-27 13:35:00,-1.1161704076958314,1963.09,bull,sl
harmonic,2023-08-15 05:40:00,2023-08-15 14:35:00,-1.278858625162127,1904.73,bear,sl
harmonic,2023-08-29 12:15:00,2023-08-29 14:00:00,-1.12012012012012,1915.75,bear,sl
harmonic,2023-09-05 05:30:00,2023-09-05 13:50:00,4.331150341685649,1937.86,bear,tp
harmonic,2023-10-05 00:00:00,2023-10-05 12:35:00,-1.1613754207222777,1822.92,bull,sl
harmonic,2023-10-02 00:35:00,2023-10-12 06:35:00,-1.0392067679432364,1846.2,bear,sl
threevol,2023-10-19 16:55:00,2023-10-19 17:15:00,-0.2971376184170317,1961.58,bull,be
harmonic,2023-10-27 06:05:00,2023-10-27 10:55:00,-1.1773788484792111,1989.13,bull,sl
harmonic,2023-10-27 18:15:00,2023-11-01 18:40:00,-1.0474397590361446,2004.59,bull,sl
harmonic,2023-11-03 13:40:00,2023-11-06 03:40:00,-1.089698468562732,1998.3,bull,sl
fvg,2023-11-14 02:55:00,2023-11-28 14:00:00,4.906632653061225,1945.37,bull,tp
harmonic,2023-11-30 18:20:00,2023-12-01 09:00:00,-1.1667628390075013,2037.32,bear,sl
fib,2023-11-21 19:10:00,2023-12-03 23:00:00,4.906592386258125,1997.64,bull,tp
harmonic,2023-11-21 19:10:00,2023-12-03 23:00:00,4.906616657049432,1997.64,bull,tp
threevol,2023-12-14 00:30:00,2023-12-14 01:10:00,-1.3332652227217001,2036.34,bull,sl
harmonic,2024-01-30 13:00:00,2024-02-02 14:00:00,-1.1961620469083156,2035.38,bull,sl
harmonic,2024-02-07 14:05:00,2024-02-08 08:35:00,-1.2303434040157628,2035.8,bull,sl
fvg,2024-02-06 17:45:00,2024-02-08 14:00:00,-1.0890816243819406,2037.19,bull,sl
harmonic,2024-02-09 01:15:00,2024-02-12 14:05:00,-1.09366391184573,2033.99,bull,sl
harmonic,2024-02-29 05:20:00,2024-02-29 11:45:00,-1.2595082597003455,2034.89,bull,sl
harmonic,2024-03-15 13:50:00,2024-03-20 18:05:00,-1.113704892520183,2160.99,bear,sl
fvg,2024-03-07 07:25:00,2024-03-20 22:15:00,4.8819865595803975,2155.03,bull,tp
fib,2024-03-07 07:45:00,2024-03-20 22:15:00,4.870431011593946,2153.8,bull,tp
harmonic,2024-03-01 20:25:00,2024-04-03 16:25:00,4.960996012061083,2084.3,bull,tp
fvg,2024-04-01 22:25:00,2024-04-12 07:55:00,4.941240818877949,2254.62,bull,tp
fvg,2024-04-12 12:50:00,2024-04-12 16:15:00,-1.1087862993298585,2395.52,bull,sl
fib,2024-04-12 12:50:00,2024-04-12 16:15:00,-1.1087855515233354,2395.52,bull,sl
threevol,2024-04-15 05:45:00,2024-04-15 05:50:00,-0.45961896873058605,2358.2,bull,be
harmonic,2024-04-15 05:45:00,2024-04-15 08:30:00,-1.1325402772573996,2358.2,bull,sl
threevol,2024-04-24 04:00:00,2024-04-24 04:55:00,-1.4124622906480808,2329.4,bull,sl
harmonic,2024-04-23 19:30:00,2024-04-30 20:30:00,-1.0480341070582664,2322.13,bull,sl
fib,2024-05-02 02:55:00,2024-05-02 13:00:00,-1.0606758832565284,2319.81,bull,sl
fvg,2024-05-02 02:50:00,2024-05-02 13:00:00,-1.0607634967246442,2319.75,bull,sl
harmonic,2024-05-01 17:35:00,2024-05-03 13:35:00,-1.0751555768310195,2300.68,bull,sl
threevol,2024-05-20 00:25:00,2024-05-20 01:00:00,1.6074066258704367,2421.26,bull,tp
threevol,2024-05-20 03:35:00,2024-05-20 05:35:00,1.6399792315680168,2436.46,bull,tp
fvg,2024-05-20 22:35:00,2024-05-23 01:30:00,4.858762651244198,2428.02,bear,tp
fvg,2024-05-06 12:40:00,2024-06-07 19:55:00,-1.0474088729929227,2324.15,bull,sl
threevol,2024-06-20 14:00:00,2024-06-20 14:45:00,1.6709235798937476,2351.3,bull,tp
threevol,2024-06-24 07:30:00,2024-06-24 09:30:00,-1.3976484775399458,2328.67,bull,sl
harmonic,2024-06-24 12:00:00,2024-06-25 15:30:00,-1.2205768486256292,2325.97,bull,sl
fvg,2024-07-16 04:40:00,2024-07-17 01:50:00,4.826698922366395,2427.82,bull,tp
threevol,2024-07-23 14:30:00,2024-07-24 01:25:00,-0.3164492458214431,2406.16,bull,be
harmonic,2024-07-18 16:40:00,2024-08-14 08:40:00,-1.0832843425436018,2456.27,bear,sl
harmonic,2024-08-15 13:45:00,2024-08-16 07:50:00,-1.0791402535657688,2439.42,bear,sl
harmonic,2024-08-19 04:50:00,2024-08-20 07:40:00,-1.14118353860018,2499.47,bear,sl
harmonic,2024-07-05 14:05:00,2024-08-20 13:30:00,4.940917107583774,2376.8,bull,tp
fvg,2024-08-20 14:15:00,2024-08-21 14:00:00,-1.0580419580419582,2525.38,bull,sl
fib,2024-08-20 14:20:00,2024-08-21 14:00:00,-1.0635728456827396,2522.65,bull,sl
fvg,2024-08-28 13:20:00,2024-08-29 00:15:00,-1.1850307442222063,2504.11,bear,sl
fvg,2024-08-23 20:15:00,2024-09-02 02:30:00,-1.0918792847551064,2511.05,bull,sl
harmonic,2024-09-17 03:00:00,2024-09-17 06:45:00,-1.3418136262889082,2580.86,bear,sl
harmonic,2024-09-16 13:35:00,2024-09-17 09:40:00,-1.1628601715331985,2584.03,bull,sl
harmonic,2024-09-30 17:35:00,2024-10-01 13:30:00,-1.0761095186320055,2638.54,bear,sl
fvg,2024-09-30 14:10:00,2024-10-01 13:30:00,-1.05786199913207,2630.75,bear,sl
harmonic,2024-09-24 13:00:00,2024-10-08 15:00:00,-1.130868834634773,2633.96,bull,sl
harmonic,2024-10-08 00:25:00,2024-10-14 06:20:00,-1.0993205435651479,2642.88,bear,sl
fvg,2024-09-19 06:00:00,2024-10-18 18:45:00,4.933820338492695,2576.52,bull,tp
harmonic,2024-10-11 07:45:00,2024-10-22 13:45:00,4.899535071760663,2644.52,bull,tp
harmonic,2024-10-25 15:15:00,2024-11-06 06:30:00,-1.0779043723829,2738.86,bull,sl
threevol,2024-11-07 20:20:00,2024-11-07 20:40:00,-1.3233820672732848,2709.36,bull,sl
fvg,2024-11-07 20:45:00,2024-11-11 13:30:00,-1.035510374599638,2703.01,bull,sl
harmonic,2024-11-07 20:45:00,2024-11-11 13:30:00,-1.0355384918291002,2703.01,bull,sl
threevol,2024-11-17 23:10:00,2024-11-18 01:20:00,1.7215084956485702,2572.92,bull,tp
threevol,2024-11-18 13:35:00,2024-11-18 15:55:00,1.6290486860867792,2602.67,bull,tp
harmonic,2024-11-18 08:50:00,2024-11-19 01:10:00,4.704267382870785,2585.4,bull,tp
threevol,2024-11-19 02:35:00,2024-11-19 07:00:00,-0.4425736620565243,2622.06,bull,be
threevol,2024-11-19 12:20:00,2024-11-19 13:25:00,-1.3645057378699417,2634.68,bull,sl
threevol,2024-11-22 06:55:00,2024-11-22 09:30:00,1.5271483976321698,2692.55,bull,tp
threevol,2024-11-27 08:50:00,2024-11-27 11:10:00,-1.3822878970647365,2651.53,bull,sl
threevol,2024-11-29 02:10:00,2024-11-29 08:40:00,-0.190519877675841,2656.01,bull,be
threevol,2024-12-03 16:20:00,2024-12-03 17:35:00,-0.4646650326797386,2643.45,bull,be
harmonic,2024-12-03 16:20:00,2024-12-04 13:00:00,-1.2515675470264107,2643.45,bull,sl
threevol,2024-12-09 01:10:00,2024-12-09 13:45:00,1.815924481838703,2642.56,bull,tp
threevol,2024-12-10 13:45:00,2024-12-10 14:35:00,1.5897410057442305,2678.75,bull,tp
threevol,2024-12-11 15:00:00,2024-12-12 00:55:00,1.7014185100684456,2709.25,bull,tp
fvg,2024-12-19 19:45:00,2024-12-20 15:55:00,-1.0598705501618124,2598.22,bear,sl
fvg,2024-12-30 17:10:00,2024-12-31 15:50:00,-1.0845481049562684,2603.35,bear,sl
harmonic,2025-01-06 14:25:00,2025-01-07 13:00:00,-1.0704252453338465,2625.88,bear,sl
harmonic,2024-12-20 11:55:00,2025-01-10 14:00:00,4.882047335000962,2603.24,bull,tp
harmonic,2025-01-10 14:00:00,2025-01-13 12:30:00,-1.1064874884151992,2685.45,bull,sl
fvg,2025-01-17 11:55:00,2025-01-21 02:05:00,-1.1677929547088426,2708.19,bear,sl
fvg,2024-11-19 06:50:00,2025-02-05 08:40:00,4.958702687491207,2626.01,bull,tp
harmonic,2025-02-07 14:20:00,2025-02-07 17:20:00,-1.1332583637897105,2871.13,bull,sl
harmonic,2025-03-03 04:40:00,2025-03-13 02:40:00,4.86,2867.38,bull,tp
fvg,2025-03-24 16:15:00,2025-03-27 04:25:00,-1.08648723448419,3011.55,bear,sl
harmonic,2025-03-21 02:00:00,2025-03-27 10:15:00,-1.1753751581992407,3036.35,bear,sl
fvg,2025-03-13 14:00:00,2025-03-28 01:00:00,4.902234830139071,2951.92,bull,tp
harmonic,2025-04-01 16:15:00,2025-04-02 20:25:00,-1.0580863519941457,3102.47,bear,sl
fvg,2025-04-02 22:45:00,2025-04-03 10:30:00,-1.0537190082644627,3144.16,bull,sl
threevol,2025-04-10 00:20:00,2025-04-10 01:15:00,-1.2535115099492782,3092.84,bull,sl
threevol,2025-04-10 18:40:00,2025-04-10 22:30:00,1.6501382852627422,3173.3,bull,tp
harmonic,2025-03-14 03:55:00,2025-04-16 01:05:00,4.959320195263063,2992.07,bull,tp
fvg,2025-04-16 20:25:00,2025-04-17 14:35:00,-1.0470160312542098,3338.24,bull,sl
harmonic,2025-05-08 01:00:00,2025-05-08 05:55:00,-1.0688957325120985,3393.26,bull,sl
fib,2025-05-06 00:20:00,2025-05-08 17:05:00,-1.0977332170880558,3325.61,bull,sl
fvg,2025-05-05 23:30:00,2025-05-08 17:05:00,-1.0766455653120959,3332.2,bull,sl
harmonic,2025-05-13 22:35:00,2025-05-14 11:55:00,-1.0755069370330843,3251.9,bull,sl
harmonic,2025-05-08 05:00:00,2025-05-14 12:50:00,4.940255169379674,3381.38,bear,tp
threevol,2025-05-15 15:25:00,2025-05-15 19:40:00,1.6842872412787875,3215.55,bull,tp
threevol,2025-06-04 01:20:00,2025-06-04 02:40:00,-0.30313455657492355,3363.1,bull,be
fvg,2025-06-06 05:55:00,2025-06-06 12:30:00,-1.1769077272414503,3365.48,bull,sl
harmonic,2025-06-06 05:00:00,2025-06-06 12:30:00,-1.1080109551523452,3374.15,bull,sl
harmonic,2025-06-09 14:40:00,2025-06-10 01:30:00,-1.2508005192557334,3317.76,bull,sl
threevol,2025-06-11 02:15:00,2025-06-11 09:05:00,-0.3141953417042078,3335.35,bull,be
fvg,2025-06-13 03:25:00,2025-06-17 03:20:00,-1.0437295452962885,3429.7,bull,sl
harmonic,2025-06-10 12:30:00,2025-06-24 13:40:00,-1.0583698510078878,3338.41,bull,sl
harmonic,2025-06-25 06:00:00,2025-06-25 13:00:00,-1.158281665190434,3332.36,bull,sl
harmonic,2025-06-25 18:20:00,2025-06-27 03:05:00,-1.1095976341966125,3329.49,bull,sl
harmonic,2025-07-15 23:25:00,2025-07-16 04:30:00,-1.3844132306298145,3329.07,bear,sl
harmonic,2025-07-11 00:10:00,2025-07-22 14:25:00,4.87313094698686,3326.09,bull,tp
fvg,2025-06-16 11:55:00,2025-09-01 01:55:00,-1.0616948680454006,3415.08,bear,sl
harmonic,2025-07-31 12:15:00,2025-09-09 00:00:00,4.942294220665499,3306.56,bull,tp
fvg,2025-08-28 11:55:00,2025-09-09 00:00:00,4.869265409513087,3403.59,bull,tp
harmonic,2025-09-09 13:30:00,2025-09-09 15:15:00,-1.0817757009345792,3663.14,bull,sl
threevol,2025-09-16 00:15:00,2025-09-16 01:00:00,-0.46740384615384617,3680.96,bull,be
harmonic,2025-09-15 11:55:00,2025-09-16 14:15:00,4.783045128637705,3642.09,bull,tp
threevol,2025-09-22 06:35:00,2025-09-22 12:20:00,-0.2662544681673268,3712.88,bull,be
threevol,2025-09-23 08:40:00,2025-09-23 09:20:00,1.6629213483146068,3769.62,bull,tp
harmonic,2025-09-25 11:55:00,2025-09-25 13:40:00,-1.0968443084849462,3752.56,bull,sl
threevol,2025-09-26 00:55:00,2025-09-26 01:15:00,-1.4343973320628869,3749.09,bull,sl
threevol,2025-09-29 08:10:00,2025-09-29 09:45:00,-1.3702271628806186,3815.42,bull,sl
fib,2025-09-30 06:55:00,2025-09-30 08:20:00,-1.0803067700987306,3855.1,bull,sl
harmonic,2025-10-01 23:00:00,2025-10-02 13:30:00,-1.085788702588312,3863.25,bear,sl
harmonic,2025-10-02 15:00:00,2025-10-03 13:10:00,-1.071017116524029,3837.19,bear,sl
fvg,2025-09-22 22:45:00,2025-10-05 22:55:00,4.914175310148464,3740.22,bull,tp
harmonic,2025-09-26 00:55:00,2025-10-05 23:00:00,4.912746215204298,3749.09,bull,tp
fvg,2025-10-08 01:55:00,2025-10-09 17:10:00,-1.065908503489274,4000.04,bull,sl
fvg,2025-10-15 00:25:00,2025-10-16 16:25:00,4.889229965384364,4155.41,bull,tp
threevol,2025-10-20 15:10:00,2025-10-20 19:40:00,1.736940115652259,4345.52,bull,tp
fvg,2025-10-20 04:55:00,2025-10-21 12:45:00,-1.0567247820672478,4265.74,bull,sl
threevol,2025-10-23 12:35:00,2025-10-23 19:35:00,-0.16522157996146433,4124.26,bull,be
threevol,2025-10-29 08:05:00,2025-10-29 13:30:00,-0.2555244620283702,4009.46,bull,be
fib,2025-11-10 14:40:00,2025-11-12 15:10:00,4.794243450365354,4080.81,bull,tp
fvg,2025-11-05 11:55:00,2025-11-12 15:30:00,4.931277533039648,3966.38,bull,tp
fvg,2025-11-13 12:50:00,2025-11-13 14:40:00,-1.0716084922634042,4238.89,bull,sl
fib,2025-11-13 13:00:00,2025-11-13 14:40:00,-1.0909863945578233,4229.99,bull,sl
threevol,2025-11-17 01:30:00,2025-11-17 02:00:00,-1.3100512721292443,4098.72,bull,sl
fvg,2025-11-19 12:50:00,2025-11-19 16:25:00,-1.0679599878751138,4114.99,bull,sl
threevol,2025-11-25 02:45:00,2025-11-25 03:15:00,-1.261739045191648,4154.84,bull,sl
harmonic,2025-12-03 15:00:00,2025-12-04 03:00:00,-1.1101694915254237,4215.39,bull,sl
harmonic,2025-12-04 16:40:00,2025-12-08 15:05:00,-1.096836203444133,4210.39,bull,sl
harmonic,2025-12-16 00:55:00,2025-12-16 14:15:00,-1.2138634707263747,4307.95,bear,sl
fvg,2025-12-16 00:55:00,2025-12-16 14:15:00,-1.2138611434524174,4307.95,bear,sl
fvg,2025-12-19 07:50:00,2025-12-19 15:05:00,-1.1664909124744123,4323.22,bear,sl
harmonic,2025-12-10 20:00:00,2025-12-22 13:10:00,4.92282775933274,4223.31,bull,tp
fvg,2025-12-10 20:00:00,2025-12-22 13:10:00,4.922850664869171,4223.31,bull,tp
fvg,2025-12-26 02:30:00,2025-12-29 11:40:00,-1.0589149139579348,4497.06,bull,sl
threevol,2026-01-02 02:55:00,2026-01-02 07:55:00,1.681294678316124,4362.28,bull,tp
threevol,2026-01-05 05:55:00,2026-01-05 08:15:00,1.629369263815661,4411.89,bull,tp
threevol,2026-01-11 23:25:00,2026-01-12 00:10:00,1.6144682486309925,4537.15,bull,tp
threevol,2026-01-12 00:10:00,2026-01-12 00:30:00,1.7131511770823484,4552.95,bull,tp
fvg,2026-01-02 05:55:00,2026-01-21 00:30:00,4.958874328159913,4380.03,bull,tp
threevol,2026-01-23 19:50:00,2026-01-23 20:05:00,-1.2751440788250605,4988.16,bull,sl
threevol,2026-01-26 01:30:00,2026-01-26 04:45:00,-1.184069296676396,5083.27,bull,sl
threevol,2026-01-26 06:40:00,2026-01-26 07:00:00,-1.2199142448785136,5091.64,bull,sl
fvg,2026-01-23 19:00:00,2026-01-28 21:45:00,4.955811277330264,4975.9,bull,tp
threevol,2026-01-28 23:15:00,2026-01-28 23:35:00,1.9148258898427701,5491.59,bull,tp
threevol,2026-01-29 03:50:00,2026-01-29 05:20:00,-0.20321817321344057,5543.64,bull,be
threevol,2026-02-04 00:10:00,2026-02-04 01:10:00,1.889226100151745,4986.27,bull,tp
threevol,2026-02-04 03:35:00,2026-02-04 08:35:00,-0.17164665363492507,5069.65,bull,be
threevol,2026-02-06 18:35:00,2026-02-06 19:35:00,-1.2266666666666668,4964.43,bull,sl
threevol,2026-02-11 05:35:00,2026-02-11 05:50:00,-1.302463891248938,5061.68,bull,sl
fvg,2026-02-11 12:50:00,2026-02-11 13:30:00,-1.0870566306671783,5077.94,bull,sl
threevol,2026-02-22 23:10:00,2026-02-23 16:15:00,1.8838833094213296,5145.68,bull,tp
fvg,2026-02-23 14:05:00,2026-02-24 13:55:00,-1.1039738402704649,5149.72,bull,sl
fib,2026-03-02 13:10:00,2026-03-02 14:25:00,-1.0735104462213052,5383.58,bull,sl
fvg,2026-03-02 13:05:00,2026-03-02 14:25:00,-1.0584510199506838,5396.89,bull,sl
threevol,2026-03-05 02:55:00,2026-03-05 04:00:00,-1.2561960195268496,5191.43,bull,sl
harmonic,2026-03-06 15:00:00,2026-03-08 23:40:00,-1.0377137502928087,5147.18,bull,sl
fib,2026-03-10 00:00:00,2026-03-13 14:55:00,-1.0438863300599637,5133.64,bull,sl
fvg,2026-03-09 23:20:00,2026-03-13 14:55:00,-1.038232795242141,5145.61,bull,sl
threevol,2026-03-17 01:55:00,2026-03-17 05:45:00,-0.3619509412435824,5027.47,bull,be
threevol,2026-04-13 18:50:00,2026-04-13 19:05:00,-1.4235687022900763,4738.89,bull,sl
threevol,2026-04-14 13:20:00,2026-04-14 14:35:00,1.7305197947923725,4791.09,bull,tp
threevol,2026-04-16 06:45:00,2026-04-16 08:00:00,-1.2721217887725975,4828.23,bull,sl
fvg,2026-04-13 18:50:00,2026-04-21 19:40:00,-1.0714326598363,4738.89,bull,sl
harmonic,2026-04-07 17:00:00,2026-04-28 11:15:00,-1.0486034401136186,4665.18,bull,sl
harmonic,2026-04-28 02:05:00,2026-04-28 11:15:00,4.793277576140129,4675.22,bear,tp
threevol,2026-04-30 06:55:00,2026-04-30 08:00:00,1.7573245952197378,4589.04,bull,tp
threevol,2026-05-18 00:05:00,2026-05-18 00:40:00,1.845913438772611,4523.78,bear,tp
threevol,2026-05-19 13:25:00,2026-05-20 10:20:00,-0.10769087696456803,4492.14,bear,be
threevol,2026-05-26 04:30:00,2026-05-26 05:05:00,-0.4388382051759449,4530.34,bear,be
threevol,2026-06-03 04:35:00,2026-06-03 06:45:00,1.5945769050958392,4471.71,bear,tp
threevol,2026-06-03 15:10:00,2026-06-03 17:05:00,-0.3385181776346065,4445.93,bear,be
threevol,2026-06-05 01:40:00,2026-06-05 06:25:00,-0.25498707055781306,4446.14,bear,be
fvg,2026-06-01 11:55:00,2026-06-08 05:35:00,4.931265910668827,4505.94,bear,tp
threevol,2026-06-09 19:15:00,2026-06-09 22:50:00,1.7392833996852144,4255.44,bear,tp
threevol,2026-06-18 12:35:00,2026-06-18 13:15:00,-1.1693511693511693,4242.62,bear,sl
threevol,2026-06-23 01:40:00,2026-06-23 04:55:00,1.8346224677716392,4154.61,bear,tp
fib,2026-06-18 13:30:00,2026-06-24 13:10:00,4.951958545582294,4272.28,bear,tp
harmonic,2026-06-26 06:20:00,2026-06-30 01:00:00,-1.0609978703985399,4022.45,bull,sl
threevol,2026-06-30 00:40:00,2026-06-30 01:05:00,1.7674292431503753,3991.86,bear,tp
fvg,2026-07-06 01:00:00,2026-07-06 05:10:00,-1.0833654959475105,4186.73,bull,sl
fvg,2026-06-18 13:05:00,2026-07-12 23:55:00,0.0,4251.91,bear,open
harmonic,2026-06-23 01:40:00,2026-07-12 23:55:00,0.0,4154.61,bear,open
