s,entry,exit,r,px,sl,stop,mae,dur_h,reason
fvg,2022-02-07 01:35:00,2022-02-07 05:40:00,-0.1804,1810.03,1805.77,4.26,0.26103286384365654,4.083333333333333,time
fib,2022-02-22 01:05:00,2022-02-22 01:15:00,-0.3533,1905.72,1902.49,3.23,0.0,0.16666666666666666,time
fvg,2022-02-22 01:05:00,2022-02-22 05:10:00,0.3228811861350431,1905.72,1902.49,3.23,0.16470588234781883,4.083333333333333,time
harmonic,2022-03-04 02:20:00,2022-03-04 06:25:00,-0.6876000000000001,1937.15,1931.25,5.9,0.4715254237208475,4.083333333333333,time
fvg,2022-03-04 14:35:00,2022-03-04 15:00:00,-1.1425004993009786,1958.7,1948.76,9.94,1.6209255533036206,0.4166666666666667,sl
harmonic,2022-03-21 07:30:00,2022-03-21 11:35:00,-0.2341153962340147,1924.79,1920.2,4.59,0.5254901960669903,4.083333333333333,time
threevol,2022-03-23 19:35:00,2022-03-23 23:40:00,0.40759999999999996,1943.64,1940.73,2.91,0.4938144329727643,4.083333333333333,time
fvg,2022-03-24 12:30:00,2022-03-24 13:25:00,1.578888888888889,1945.14,1941.78,3.36,0.0,0.9166666666666666,tp
fvg,2022-03-24 13:25:00,2022-03-24 17:30:00,0.7744630071599045,1953.35,1941.78,11.57,0.5109766637812195,4.083333333333333,time
harmonic,2022-04-08 17:20:00,2022-04-08 21:30:00,0.8456802583770691,1941.21,1935.87,5.34,0.13820224718843374,4.166666666666667,time
harmonic,2022-05-04 07:00:00,2022-05-04 11:15:00,-0.5912730184147318,1867.51,1863.69,3.82,0.4350785340200332,4.25,time
harmonic,2022-05-18 01:20:00,2022-05-18 03:15:00,1.4201147689519784,1814.57,1816.86,2.29,0.23711790391982893,1.9166666666666667,tp
harmonic,2022-05-19 05:55:00,2022-05-19 08:45:00,-1.2938256898947786,1814.02,1818.52,4.5,1.9651111110674586,2.8333333333333335,sl
harmonic,2022-05-31 00:35:00,2022-05-31 03:00:00,-1.3407422307150758,1848.73,1852.68,3.95,1.1513924050341424,2.4166666666666665,sl
harmonic,2022-06-09 19:25:00,2022-06-09 23:30:00,0.07533129459734965,1847.78,1850.76,2.98,0.14026845637117222,4.083333333333333,time
fvg,2022-06-23 22:25:00,2022-06-24 02:30:00,-0.632622853759621,1823.25,1828.19,4.94,0.4267206477646306,4.083333333333333,time
harmonic,2022-06-30 14:35:00,2022-06-30 15:55:00,-1.3052556528824608,1809.14,1813.46,4.32,1.2629629629337054,1.3333333333333333,sl
fvg,2022-07-06 17:25:00,2022-07-06 19:15:00,-1.3286991062562066,1738.23,1742.09,3.86,1.4554404144700503,1.8333333333333333,sl
fvg,2022-07-20 08:30:00,2022-07-20 09:25:00,-1.5350241545893721,1707.81,1710.14,2.33,1.1377682402945453,0.9166666666666666,sl
fvg,2022-07-21 00:00:00,2022-07-21 04:10:00,0.45482420278004904,1694.28,1697.99,3.71,0.29865229109705715,4.166666666666667,time
fvg,2022-08-26 14:00:00,2022-08-26 14:10:00,-1.135022385022385,1745.23,1754.68,9.45,1.1553439153316782,0.16666666666666666,sl
fib,2022-08-26 14:00:00,2022-08-26 14:10:00,-1.1350727546412442,1745.23,1754.68,9.45,1.1553439153316782,0.16666666666666666,sl
fvg,2022-08-26 14:35:00,2022-08-26 18:40:00,0.7027583367641005,1745.49,1754.68,9.19,0.11904243743070149,4.083333333333333,time
harmonic,2022-09-06 12:30:00,2022-09-06 14:00:00,1.629579936009908,1711.51,1714.87,3.36,0.2303571428503211,1.5,tp
threevol,2022-10-10 06:30:00,2022-10-10 07:10:00,-1.4259535902798528,1684.98,1687.87,2.89,1.2103806227954261,0.6666666666666666,sl
harmonic,2022-10-13 12:30:00,2022-10-13 16:35:00,-0.37209302325581395,1658.71,1678.65,19.94,0.49674022065950485,4.083333333333333,time
threevol,2022-10-14 15:15:00,2022-10-14 19:20:00,0.6089108910891089,1645.29,1649.93,4.64,0.7474137930874544,4.083333333333333,time
harmonic,2022-10-18 14:00:00,2022-10-18 18:05:00,0.16889205993272857,1653.4,1658.29,4.89,0.046625766870179046,4.083333333333333,time
fvg,2022-11-03 02:10:00,2022-11-03 06:15:00,0.8302503832396525,1638.0,1640.61,2.61,0.3823754789125708,4.083333333333333,time
threevol,2022-11-07 07:20:00,2022-11-07 08:10:00,-1.4174533038762804,1667.72,1670.64,2.92,1.1294520547558413,0.8333333333333334,sl
fib,2022-11-15 13:30:00,2022-11-15 13:40:00,-0.7117336581404792,1785.39,1772.72,12.67,0.6308602999160894,0.16666666666666666,time
fvg,2022-11-15 13:40:00,2022-11-15 14:30:00,-1.2778228258666127,1777.37,1772.72,4.65,1.396129032228032,0.8333333333333334,sl
fvg,2022-11-16 11:55:00,2022-11-16 12:30:00,-1.5949691991786445,1783.06,1780.88,2.18,1.0422018348145479,0.5833333333333334,sl
fvg,2022-11-16 12:30:00,2022-11-16 12:40:00,-2.1789254042775172,1781.98,1780.88,1.1,2.2390909088875306,0.16666666666666666,sl
harmonic,2022-12-30 01:00:00,2022-12-30 05:05:00,-0.23527017401037958,1815.88,1812.92,2.96,0.14020270269803065,4.083333333333333,time
harmonic,2023-01-12 13:30:00,2023-01-12 14:40:00,-1.1419828641370868,1893.36,1883.71,9.65,1.0367875647560831,1.1666666666666667,sl
harmonic,2023-01-12 15:15:00,2023-01-12 17:25:00,1.6595130004127114,1887.72,1883.71,4.01,0.5798004987386697,2.1666666666666665,tp
harmonic,2023-02-01 15:25:00,2023-02-01 17:00:00,-1.2511925301938496,1927.97,1922.41,5.56,1.027877697823225,1.5833333333333333,sl
threevol,2023-02-06 02:15:00,2023-02-06 03:00:00,-1.4967912804319037,1875.23,1872.49,2.74,1.096715328427167,0.75,sl
harmonic,2023-02-07 15:35:00,2023-02-07 17:45:00,1.7331963001027748,1872.79,1867.67,5.12,0.5357421874895242,2.1666666666666665,tp
threevol,2023-02-07 15:35:00,2023-02-07 17:45:00,1.733195449844881,1872.79,1867.67,5.12,0.5357421874895242,2.1666666666666665,tp
threevol,2023-02-08 07:25:00,2023-02-08 11:30:00,0.27803192030090473,1879.28,1875.15,4.13,0.18765133171455167,4.083333333333333,time
harmonic,2023-02-14 07:15:00,2023-02-14 11:20:00,-0.7021620529399879,1858.22,1855.25,2.97,0.27441077440155337,4.083333333333333,time
harmonic,2023-02-17 16:00:00,2023-02-17 20:15:00,0.31630888188015055,1836.73,1822.04,14.69,0.17372362151004322,4.25,time
harmonic,2023-02-28 21:00:00,2023-03-01 00:00:00,-1.6987829614604464,1826.65,1824.75,1.9,1.039473684155889,3.0,sl
fvg,2023-03-17 17:25:00,2023-03-17 18:15:00,1.7154436860068258,1968.16,1963.09,5.07,0.0,0.8333333333333334,tp
fvg,2023-03-17 18:30:00,2023-03-17 22:35:00,0.5429380308273042,1978.86,1965.05,13.81,0.3846488052108206,4.083333333333333,time
threevol,2023-03-23 16:25:00,2023-03-23 18:00:00,1.6241256969082614,1992.28,1988.4,3.88,0.4007731958659759,1.5833333333333333,tp
threevol,2023-03-23 18:05:00,2023-03-23 18:55:00,-1.3613965087281794,2001.47,1997.46,4.01,2.2456359101684655,0.8333333333333334,sl
threevol,2023-03-30 14:20:00,2023-03-30 16:35:00,1.7600121359223302,1970.58,1964.6,5.98,0.4155518394579172,2.25,tp
harmonic,2023-04-04 13:15:00,2023-04-04 14:00:00,1.8121130829550143,1985.08,1977.43,7.65,0.0,0.75,tp
threevol,2023-04-04 14:10:00,2023-04-04 18:15:00,0.09858874975154044,2016.0,2002.45,13.55,0.03948339483366299,4.083333333333333,time
harmonic,2023-04-04 14:15:00,2023-04-04 18:20:00,-0.08411025537089582,2020.0,2002.45,17.55,0.2584045584030907,4.083333333333333,time
fvg,2023-04-11 14:45:00,2023-04-11 18:50:00,0.13172715894868586,2002.11,1994.5,7.61,0.1583442838349662,4.083333333333333,time
harmonic,2023-05-30 23:45:00,2023-05-31 01:30:00,-2.0759634888438137,1958.38,1957.06,1.32,1.162878787790753,1.75,sl
harmonic,2023-06-01 12:00:00,2023-06-01 12:15:00,-1.2966338684619367,1966.16,1961.36,4.8,1.0949999999772053,0.25,sl
fvg,2023-06-12 12:35:00,2023-06-12 13:05:00,-1.8039787522133108,1962.86,1961.09,1.77,1.1779661016282557,0.5,sl
harmonic,2023-07-05 12:40:00,2023-07-05 13:40:00,-1.4875131164742916,1929.36,1926.49,2.87,1.4477351915871775,1.0,sl
harmonic,2023-07-25 15:00:00,2023-07-25 19:05:00,-0.14667660843630168,1963.09,1959.09,4.0,0.4887499999877631,4.083333333333333,time
harmonic,2023-08-15 05:40:00,2023-08-15 09:45:00,-0.2765094943460636,1904.73,1909.1,4.37,0.5274599542213542,4.083333333333333,time
harmonic,2023-08-29 12:15:00,2023-08-29 13:55:00,-1.233846812152332,1915.75,1921.71,5.96,1.0192953019963282,1.6666666666666667,sl
harmonic,2023-09-05 05:30:00,2023-09-05 08:05:00,1.1282356763782087,1937.86,1939.46,1.6,0.16749999998954943,2.5833333333333335,tp
harmonic,2023-10-02 00:35:00,2023-10-02 04:40:00,0.8635536039413086,1846.2,1848.66,2.46,0.45325203250190405,4.083333333333333,time
harmonic,2023-10-02 13:45:00,2023-10-02 18:00:00,0.4233382883839456,1835.28,1841.45,6.17,0.0,4.25,time
threevol,2023-10-19 16:55:00,2023-10-19 17:20:00,1.704030976965846,1961.58,1956.79,4.79,0.01983298538581294,0.4166666666666667,tp
harmonic,2023-10-27 06:05:00,2023-10-27 09:50:00,-1.379044195390146,1989.13,1985.33,3.8,1.0513157894460492,3.75,sl
harmonic,2023-10-27 18:15:00,2023-10-27 22:30:00,-0.0366677388227726,2004.59,1993.8,10.79,0.24003707136014038,4.25,time
harmonic,2023-11-03 13:40:00,2023-11-03 14:10:00,-1.2283354783354785,1998.3,1991.97,6.33,1.0666666666498081,0.5,sl
harmonic,2023-11-03 14:15:00,2023-11-03 14:20:00,0.1224888695841025,1992.74,1991.97,0.77,0.0,0.08333333333333333,tp
harmonic,2023-11-03 14:20:00,2023-11-03 14:25:00,-1.982756750894697,1993.44,1991.97,1.47,0.0,0.08333333333333333,sl
fvg,2023-11-14 02:55:00,2023-11-14 04:00:00,-1.9222528638099277,1945.37,1943.84,1.53,1.073202614308827,1.0833333333333333,sl
fib,2023-11-21 19:10:00,2023-11-21 19:20:00,0.05439116654738779,1997.64,1992.57,5.07,0.0,0.16666666666666666,time
fvg,2023-11-21 19:10:00,2023-11-21 23:15:00,0.028766086298258896,1997.64,1992.57,5.07,0.022682445758923243,4.083333333333333,time
harmonic,2023-11-21 19:10:00,2023-11-21 23:15:00,0.028767426421774732,1997.64,1992.57,5.07,0.022682445758923243,4.083333333333333,time
harmonic,2023-11-29 05:05:00,2023-11-29 05:35:00,-1.4811946902654867,2048.03,2044.95,3.08,1.0766233765885052,0.5,sl
fvg,2023-12-13 23:35:00,2023-12-14 00:25:00,1.6409341550437888,2026.91,2022.78,4.13,0.0,0.8333333333333334,tp
fvg,2023-12-14 00:40:00,2023-12-14 01:10:00,-1.321667907669397,2036.5,2031.92,4.58,1.2799126637275302,0.5,sl
threevol,2023-12-14 00:30:00,2023-12-14 01:10:00,-1.3332682545880516,2036.34,2031.92,4.42,1.2900452488395913,0.6666666666666666,sl
threevol,2023-12-18 04:50:00,2023-12-18 08:45:00,0.9447907390917186,2022.62,2021.22,1.4,0.8464285713680734,3.9166666666666665,tp
threevol,2023-12-21 16:20:00,2023-12-21 17:50:00,-1.4996569636381456,2043.5,2040.54,2.96,1.0962837837467103,1.5,sl
harmonic,2024-01-30 13:00:00,2024-01-30 14:20:00,1.7098585223444869,2035.38,2030.28,5.1,0.4382352941090792,1.3333333333333333,tp
harmonic,2024-01-31 12:25:00,2024-01-31 14:40:00,1.7245832873385583,2037.84,2032.46,5.38,0.3503717472053817,2.25,tp
fvg,2024-02-06 17:45:00,2024-02-06 18:20:00,-1.5285113722108443,2037.19,2034.4,2.79,1.05197132612715,0.5833333333333334,sl
harmonic,2024-02-07 14:05:00,2024-02-07 18:10:00,-0.11101465002712968,2035.8,2029.49,6.31,0.5110935023690649,4.083333333333333,time
harmonic,2024-02-09 01:15:00,2024-02-09 05:25:00,-0.7302552960347637,2033.99,2030.35,3.64,0.49780219778849394,4.166666666666667,time
harmonic,2024-02-29 05:20:00,2024-02-29 09:25:00,-0.4079667323265485,2034.89,2033.15,1.74,0.3074712643501924,4.083333333333333,time
harmonic,2024-03-01 20:25:00,2024-03-02 00:30:00,-0.9052747252747252,2084.3,2080.53,3.77,0.51856763924352,4.083333333333333,time
fib,2024-03-07 07:45:00,2024-03-07 07:55:00,0.1587820578318177,2153.8,2150.36,3.44,0.0,0.16666666666666666,time
harmonic,2024-03-07 07:25:00,2024-03-07 11:40:00,-0.42470614326901746,2155.03,2150.36,4.67,0.6177730192587668,4.25,time
fvg,2024-03-07 07:25:00,2024-03-07 11:40:00,-0.4247400109469075,2155.03,2150.36,4.67,0.6177730192587668,4.25,time
fvg,2024-04-01 22:25:00,2024-04-01 23:15:00,-1.3572999120492524,2254.62,2250.07,4.55,1.007032967010808,0.8333333333333334,sl
fvg,2024-04-12 03:35:00,2024-04-12 07:40:00,0.4992756045915524,2386.02,2373.3,12.72,0.2621855345891366,4.083333333333333,time
fib,2024-04-12 12:50:00,2024-04-12 13:00:00,0.3041216078351357,2395.52,2389.12,6.4,0.0,0.16666666666666666,time
fvg,2024-04-12 12:50:00,2024-04-12 14:00:00,1.729178218919818,2395.52,2389.12,6.4,0.3445312499946053,1.1666666666666667,tp
harmonic,2024-04-15 05:45:00,2024-04-15 06:50:00,-1.4591314031180402,2358.2,2354.5,3.7,1.0067567567295226,1.0833333333333333,sl
threevol,2024-04-15 05:45:00,2024-04-15 06:50:00,-1.4592039800995025,2358.2,2354.5,3.7,1.0067567567295226,1.0833333333333333,sl
threevol,2024-04-18 08:05:00,2024-04-18 12:05:00,1.483691810562456,2379.37,2376.06,3.31,0.669184290009901,4.0,tp
harmonic,2024-04-23 19:30:00,2024-04-23 23:35:00,-0.1533506610916488,2322.13,2317.82,4.31,0.23549883990180456,4.083333333333333,time
threevol,2024-04-24 04:00:00,2024-04-24 04:55:00,-1.4124378109452735,2329.4,2325.33,4.07,1.0651105650844042,0.9166666666666666,sl
harmonic,2024-05-01 17:35:00,2024-05-01 18:00:00,-1.3685342388228636,2300.68,2296.18,4.5,1.1633333333074087,0.4166666666666667,sl
harmonic,2024-05-01 18:00:00,2024-05-01 18:40:00,1.8245352306633005,2305.66,2296.18,9.48,0.45622362868715144,0.6666666666666666,tp
harmonic,2024-05-01 18:40:00,2024-05-01 22:45:00,-0.16071227318832412,2323.69,2296.18,27.51,0.6085786986528292,4.083333333333333,time
fib,2024-05-02 02:55:00,2024-05-02 03:05:00,-0.9772172497965826,2319.81,2315.76,4.05,0.6432098765273326,0.16666666666666666,time
fvg,2024-05-02 02:50:00,2024-05-02 05:10:00,-1.4190559249972745,2319.75,2315.76,3.99,1.2117794485911926,2.3333333333333335,sl
fvg,2024-05-06 12:40:00,2024-05-06 16:55:00,-0.04589185004976225,2324.15,2317.34,6.81,0.9669603524087138,4.25,time
threevol,2024-05-20 00:25:00,2024-05-20 01:00:00,1.607387969317723,2421.26,2416.83,4.43,0.0,0.5833333333333334,tp
fvg,2024-05-20 00:25:00,2024-05-20 01:00:00,1.6073680716893461,2421.26,2416.83,4.43,0.0,0.5833333333333334,tp
fvg,2024-05-20 01:00:00,2024-05-20 05:05:00,-0.012848432055749127,2436.36,2416.83,19.53,0.511264720939529,4.083333333333333,time
threevol,2024-05-20 03:35:00,2024-05-20 05:35:00,1.63994835121176,2436.46,2431.57,4.89,0.2934560327138241,2.0,tp
fvg,2024-06-06 19:50:00,2024-06-06 23:20:00,1.4171839268213,2372.01,2369.07,2.94,0.0,3.5,tp
threevol,2024-06-14 19:35:00,2024-06-14 19:50:00,-1.8674875403107594,2334.22,2332.28,1.94,1.1144329896331773,0.25,sl
threevol,2024-06-18 23:30:00,2024-06-19 01:05:00,-2.1996614220274844,2328.91,2327.51,1.4,1.3614285713312901,1.5833333333333333,sl
threevol,2024-06-20 14:00:00,2024-06-20 14:45:00,1.671011098666124,2351.3,2346.13,5.17,0.3278529980594542,0.75,tp
threevol,2024-06-24 07:30:00,2024-06-24 09:30:00,-1.3975963945918881,2328.67,2324.45,4.22,1.906398104220245,2.0,sl
harmonic,2024-06-24 12:00:00,2024-06-24 16:05:00,0.16717462467547128,2325.97,2319.46,6.51,0.4247311827891551,4.083333333333333,time
harmonic,2024-07-05 14:05:00,2024-07-05 18:10:00,0.29006085192697767,2376.8,2346.34,30.46,0.04218647406420341,4.083333333333333,time
harmonic,2024-07-11 11:55:00,2024-07-11 12:25:00,-1.9746038880773122,2380.4,2378.64,1.76,1.4443181817360706,0.5,sl
harmonic,2024-07-11 12:30:00,2024-07-11 16:35:00,0.5734754699679047,2399.19,2378.94,20.25,0.1725925925917349,4.083333333333333,time
fvg,2024-07-16 04:40:00,2024-07-16 06:40:00,1.36508106947278,2427.82,2425.06,2.76,0.0,2.0,tp
threevol,2024-07-23 14:30:00,2024-07-23 18:35:00,-0.718131030980193,2406.16,2400.68,5.48,0.7673357664093419,4.083333333333333,time
harmonic,2024-07-29 03:40:00,2024-07-29 07:45:00,-0.4472304536129474,2393.86,2387.33,6.53,0.6898928024396814,4.083333333333333,time
fib,2024-08-20 14:20:00,2024-08-20 14:30:00,0.18241577649958918,2522.65,2518.48,4.17,0.2985611510719508,0.16666666666666666,time
fvg,2024-08-20 14:15:00,2024-08-20 15:00:00,-1.2629237288135593,2525.38,2518.48,6.9,1.9907246376523562,0.75,sl
fvg,2024-08-23 20:15:00,2024-08-24 00:20:00,-0.3263598326359833,2511.05,2509.14,1.91,0.39371727746651086,4.083333333333333,time
threevol,2024-08-23 20:15:00,2024-08-24 00:20:00,-0.32637609985676286,2511.05,2509.14,1.91,0.39371727746651086,4.083333333333333,time
fvg,2024-08-29 03:00:00,2024-08-29 07:15:00,0.4020019373587343,2512.68,2505.01,7.67,0.0,4.25,time
harmonic,2024-09-16 13:35:00,2024-09-16 17:40:00,-0.39535149988550494,2584.03,2573.83,10.2,0.792647058815762,4.083333333333333,time
fvg,2024-09-19 06:00:00,2024-09-19 09:15:00,1.6885720411663807,2576.52,2570.55,5.97,0.45812395309117504,3.25,tp
harmonic,2024-09-24 13:00:00,2024-09-24 17:05:00,1.1821839080459768,2633.96,2622.03,11.93,0.2024308466034971,4.083333333333333,time
fvg,2024-10-02 23:50:00,2024-10-03 01:30:00,-1.5335230866540164,2659.98,2656.4,3.58,1.1829608938217406,1.6666666666666667,sl
harmonic,2024-10-02 23:50:00,2024-10-03 01:30:00,-1.5335681017834828,2659.98,2656.4,3.58,1.1829608938217406,1.6666666666666667,sl
harmonic,2024-10-11 07:45:00,2024-10-11 08:15:00,-1.6688970927549607,2644.52,2641.68,2.84,1.3749999999516551,0.5,sl
harmonic,2024-10-25 15:15:00,2024-10-25 19:30:00,0.11474832805350227,2738.86,2729.04,9.82,0.5127291242310628,4.25,time
harmonic,2024-10-28 23:25:00,2024-10-29 01:05:00,1.354623227469823,2741.28,2738.24,3.04,0.0542763157878259,1.6666666666666667,tp
harmonic,2024-11-07 20:20:00,2024-11-07 20:40:00,-1.323427382053654,2709.36,2703.35,6.01,1.0474209650408204,0.3333333333333333,sl
fvg,2024-11-07 20:20:00,2024-11-07 20:40:00,-1.3233404710920769,2709.36,2703.35,6.01,1.0474209650408204,0.3333333333333333,sl
threevol,2024-11-07 20:20:00,2024-11-07 20:40:00,-1.3234116801806424,2709.36,2703.35,6.01,1.0474209650408204,0.3333333333333333,sl
harmonic,2024-11-07 21:05:00,2024-11-08 01:00:00,-1.7929458636044058,2705.8,2703.35,2.45,1.2714285713767728,3.9166666666666665,sl
threevol,2024-11-17 23:10:00,2024-11-18 01:20:00,1.7214478884959434,2572.92,2566.25,6.67,0.47751124437064385,2.1666666666666665,tp
harmonic,2024-11-18 08:50:00,2024-11-18 12:55:00,1.2043908841427036,2585.4,2578.99,6.41,0.2722308892313054,4.083333333333333,time
threevol,2024-11-18 13:35:00,2024-11-18 15:55:00,1.6291031802842826,2602.67,2597.61,5.06,0.06758893280500777,2.3333333333333335,tp
threevol,2024-11-19 02:35:00,2024-11-19 06:40:00,-0.17397866773998794,2622.06,2617.8,4.26,0.315727699523058,4.083333333333333,time
threevol,2024-11-19 06:50:00,2024-11-19 07:05:00,-1.3668984981352688,2626.01,2620.87,5.14,1.2441634241003932,0.25,sl
fvg,2024-11-19 06:50:00,2024-11-19 07:05:00,-1.3668221764131496,2626.01,2620.87,5.14,1.2441634241003932,0.25,sl
threevol,2024-11-19 12:20:00,2024-11-19 13:25:00,-1.3645003065603925,2634.68,2629.49,5.19,1.011946050076832,1.0833333333333333,sl
threevol,2024-11-22 06:55:00,2024-11-22 09:30:00,1.527144633236635,2692.55,2688.45,4.1,0.5331707316943494,2.5833333333333335,tp
threevol,2024-11-22 17:50:00,2024-11-22 21:45:00,1.3273803449331565,2706.36,2703.45,2.91,0.4759450171658501,3.9166666666666665,tp
fvg,2024-11-27 02:00:00,2024-11-27 05:35:00,1.6744032559674404,2631.92,2626.09,5.83,0.0,3.5833333333333335,tp
threevol,2024-11-27 08:50:00,2024-11-27 11:10:00,-1.3822759315206445,2651.53,2646.55,4.98,1.6979919678374158,2.3333333333333335,sl
threevol,2024-11-29 02:10:00,2024-11-29 06:15:00,0.3868464052287582,2656.01,2645.99,10.02,0.1312375249487955,4.083333333333333,time
threevol,2024-12-03 16:20:00,2024-12-03 20:25:00,-0.6100712105798576,2643.45,2639.36,4.09,0.810513447412848,4.083333333333333,time
harmonic,2024-12-03 16:20:00,2024-12-03 20:25:00,-0.6099976420655506,2643.45,2639.36,4.09,0.810513447412848,4.083333333333333,time
threevol,2024-12-09 01:10:00,2024-12-09 05:15:00,-0.5676560900716479,2642.56,2632.18,10.38,0.7760115606861497,4.083333333333333,time
fvg,2024-12-09 13:00:00,2024-12-09 13:55:00,1.557070215298063,2657.48,2653.18,4.3,0.6825581395189976,0.9166666666666666,tp
threevol,2024-12-09 13:00:00,2024-12-09 13:55:00,1.5570766855378282,2657.48,2653.18,4.3,0.6825581395189976,0.9166666666666666,tp
threevol,2024-12-10 13:45:00,2024-12-10 14:35:00,1.5898033650922359,2678.75,2674.07,4.68,0.0,0.8333333333333334,tp
threevol,2024-12-11 15:00:00,2024-12-11 19:05:00,0.5044397884864811,2709.25,2702.71,6.54,0.30366972476598003,4.083333333333333,time
harmonic,2024-12-20 11:55:00,2024-12-20 14:10:00,1.6717674970344012,2603.24,2597.55,5.69,0.6195079086006476,2.25,tp
harmonic,2025-01-06 12:00:00,2025-01-06 13:30:00,-1.416520826041302,2644.9,2640.34,4.56,1.5245614034753883,1.5,sl
fvg,2025-01-07 16:30:00,2025-01-07 20:35:00,-0.4621284755512943,2650.25,2640.71,9.54,0.36079664569852493,4.083333333333333,time
harmonic,2025-01-07 16:30:00,2025-01-07 20:35:00,-0.46213017751479285,2650.25,2640.71,9.54,0.36079664569852493,4.083333333333333,time
harmonic,2025-01-10 13:45:00,2025-01-10 17:50:00,1.0781119961954584,2680.15,2667.42,12.73,0.014532600156990743,4.083333333333333,time
fvg,2025-01-20 14:40:00,2025-01-20 18:45:00,-0.09354597024510328,2708.48,2701.09,7.39,0.7165087956601383,4.083333333333333,time
fvg,2025-01-24 05:35:00,2025-01-24 09:40:00,-0.9858596679164435,2775.26,2769.32,5.94,0.9048821548669211,4.083333333333333,time
harmonic,2025-02-07 14:20:00,2025-02-07 16:40:00,-1.247970826961534,2871.13,2862.84,8.29,1.2635705669328774,2.3333333333333335,sl
harmonic,2025-03-03 04:40:00,2025-03-03 05:30:00,-1.6674210839785586,2867.38,2864.3,3.08,1.6899350648801732,0.8333333333333334,sl
fvg,2025-03-13 14:00:00,2025-03-13 14:40:00,1.6764037650113597,2951.92,2945.36,6.56,0.17560975609489066,0.6666666666666666,tp
fvg,2025-03-13 14:40:00,2025-03-13 18:45:00,0.7991061928069801,2964.4,2945.36,19.04,0.0,4.083333333333333,time
harmonic,2025-03-14 03:55:00,2025-03-14 04:45:00,-1.5137492428831012,2992.07,2987.9,4.17,1.051558752972437,0.8333333333333334,sl
fvg,2025-03-17 00:20:00,2025-03-17 04:25:00,-0.9711812519793096,2988.0,2981.56,6.44,0.7104037266970151,4.083333333333333,time
harmonic,2025-03-18 01:50:00,2025-03-18 04:50:00,1.629520295202952,3003.81,2998.01,5.8,0.0,3.0,tp
harmonic,2025-04-02 12:25:00,2025-04-02 16:30:00,0.3313566501270725,3125.42,3108.45,16.97,0.5300530347641065,4.083333333333333,time
harmonic,2025-04-02 20:25:00,2025-04-02 23:05:00,1.793124246079614,3131.1,3120.16,10.94,0.9371115173588886,2.6666666666666665,tp
fvg,2025-04-02 22:45:00,2025-04-03 02:50:00,-0.06726361795117791,3144.16,3102.62,41.54,0.0915262397686694,4.083333333333333,time
harmonic,2025-04-02 23:05:00,2025-04-03 03:10:00,-0.12051190899395663,3152.75,3102.62,50.13,0.24719728705316388,4.083333333333333,time
threevol,2025-04-10 00:20:00,2025-04-10 01:15:00,-1.253549091631093,3092.84,3084.12,8.72,1.0292431192542935,0.9166666666666666,sl
threevol,2025-04-10 18:40:00,2025-04-10 22:30:00,1.6501457725947521,3173.3,3166.79,6.51,0.8471582181129972,3.8333333333333335,tp
threevol,2025-04-16 20:25:00,2025-04-16 22:00:00,1.4743348828009097,3338.24,3333.71,4.53,0.20419426048108338,1.5833333333333333,tp
fvg,2025-04-16 20:25:00,2025-04-16 22:00:00,1.4742905909963728,3338.24,3333.71,4.53,0.20419426048108338,1.5833333333333333,tp
fvg,2025-04-16 22:00:00,2025-04-17 01:30:00,-1.1679806580468832,3347.92,3333.71,14.21,1.3332160450293344,3.5,sl
fvg,2025-05-05 23:30:00,2025-05-06 00:20:00,-1.345282416764174,3332.2,3325.31,6.89,1.299709724219152,0.8333333333333334,sl
fvg,2025-05-06 06:40:00,2025-05-06 10:45:00,0.5453369272237196,3366.43,3348.07,18.36,0.19035947712314027,4.083333333333333,time
harmonic,2025-05-08 01:00:00,2025-05-08 05:05:00,-0.9373591173330169,3393.26,3376.56,16.7,0.8434131736476466,4.083333333333333,time
harmonic,2025-05-13 22:35:00,2025-05-14 00:05:00,-1.4723353293413173,3251.9,3246.98,4.92,1.3973577235488341,1.5,sl
threevol,2025-05-15 15:25:00,2025-05-15 19:30:00,1.380019493177388,3215.55,3208.24,7.31,0.4685362517036017,4.083333333333333,time
threevol,2025-06-04 01:20:00,2025-06-04 04:40:00,-1.302634108825226,3363.1,3355.17,7.93,1.1242118537058692,3.3333333333333335,sl
fvg,2025-06-06 05:55:00,2025-06-06 06:45:00,-1.303238258631782,3365.48,3357.56,7.92,1.2178030302876517,0.8333333333333334,sl
harmonic,2025-06-06 05:00:00,2025-06-06 07:50:00,-1.1202139297435274,3374.15,3354.17,19.98,1.077827827822449,2.8333333333333335,sl
harmonic,2025-06-09 14:40:00,2025-06-09 16:45:00,1.7321450522433928,3317.76,3308.87,8.89,0.0,2.0833333333333335,tp
harmonic,2025-06-10 12:30:00,2025-06-10 15:15:00,-1.1685800604229608,3338.41,3324.29,14.12,1.0555949008423644,2.75,sl
threevol,2025-06-11 02:15:00,2025-06-11 06:20:00,-0.25297097214104813,3335.35,3327.76,7.59,0.4152832674516549,4.083333333333333,time
fvg,2025-06-13 03:25:00,2025-06-13 07:30:00,-0.3038896132116471,3429.7,3381.13,48.57,0.4518221124141348,4.083333333333333,time
harmonic,2025-06-18 15:00:00,2025-06-18 19:05:00,-1.1750825284264579,3387.82,3374.03,13.79,1.0712110224723184,4.083333333333333,sl
harmonic,2025-06-25 06:00:00,2025-06-25 09:10:00,-1.236050971174069,3332.36,3322.29,10.07,1.066037735838483,3.1666666666666665,sl
harmonic,2025-06-25 18:20:00,2025-06-25 22:25:00,0.04760115244895403,3329.49,3325.79,3.7,0.14648648648238186,4.083333333333333,time
harmonic,2025-07-11 00:10:00,2025-07-11 00:40:00,1.503568298485038,3326.09,3321.27,4.82,0.25414937758816364,0.5,tp
harmonic,2025-07-11 00:40:00,2025-07-11 04:45:00,-0.5168373010978168,3335.41,3321.27,14.14,0.7434229137146657,4.083333333333333,time
harmonic,2025-07-31 12:15:00,2025-07-31 14:35:00,-1.1609423434593924,3306.56,3291.91,14.65,1.0508532423136447,2.3333333333333335,sl
fvg,2025-08-28 11:55:00,2025-08-28 12:55:00,-1.3736922406277243,3403.59,3397.09,6.5,1.0756923076757177,1.0,sl
fvg,2025-09-01 07:55:00,2025-09-01 09:20:00,-1.3620994475138122,3477.38,3470.53,6.85,1.0167883211530608,1.4166666666666667,sl
fvg,2025-09-09 04:05:00,2025-09-09 04:45:00,1.3716814159292037,3647.82,3643.67,4.15,0.07349397590191364,0.6666666666666666,tp
fvg,2025-09-09 04:45:00,2025-09-09 06:05:00,-1.2349430876339929,3654.75,3643.67,11.08,1.5028880866290393,1.3333333333333333,sl
fvg,2025-09-09 06:40:00,2025-09-09 10:45:00,-0.25220991384133373,3649.23,3638.21,11.02,0.7137023593401876,4.083333333333333,time
harmonic,2025-09-09 13:30:00,2025-09-09 14:00:00,-1.3030987329067873,3663.14,3654.53,8.61,1.0501742160156677,0.5,sl
harmonic,2025-09-15 11:55:00,2025-09-15 12:15:00,-1.7156476420490656,3642.09,3638.46,3.63,1.1143250688398458,0.3333333333333333,sl
harmonic,2025-09-15 12:35:00,2025-09-15 12:50:00,1.3546301086394206,3642.51,3638.46,4.05,0.0,0.25,tp
threevol,2025-09-16 00:15:00,2025-09-16 02:45:00,-1.46689453125,3680.96,3675.34,5.62,1.1574733095879648,2.5,sl
threevol,2025-09-22 06:35:00,2025-09-22 10:40:00,1.0442021803766104,3712.88,3702.93,9.95,0.451758793965298,4.083333333333333,time
fvg,2025-09-22 22:45:00,2025-09-22 23:20:00,1.2994952327537856,3740.22,3736.42,3.8,0.5584210526168425,0.5833333333333334,tp
threevol,2025-09-23 08:40:00,2025-09-23 09:20:00,1.6629070223617106,3769.62,3761.59,8.03,0.0,0.6666666666666666,tp
fvg,2025-09-23 08:40:00,2025-09-23 09:20:00,1.6629387664710442,3769.62,3761.59,8.03,0.0,0.6666666666666666,tp
harmonic,2025-09-25 11:55:00,2025-09-25 12:35:00,-1.1897409723108332,3752.56,3738.49,14.07,1.2306325515193313,0.6666666666666666,sl
harmonic,2025-09-26 00:55:00,2025-09-26 01:15:00,-1.434400826446281,3749.09,3742.94,6.15,1.507642276398239,0.3333333333333333,sl
threevol,2025-09-26 00:55:00,2025-09-26 01:15:00,-1.4343463579353593,3749.09,3742.94,6.15,1.507642276398239,0.3333333333333333,sl
harmonic,2025-09-26 07:25:00,2025-09-26 08:05:00,1.1557709943665662,3744.67,3741.49,3.18,0.0,0.6666666666666666,tp
harmonic,2025-09-26 12:35:00,2025-09-26 14:05:00,1.7491257609117994,3751.63,3740.88,10.75,0.08232558139460332,1.5,tp
threevol,2025-09-29 08:10:00,2025-09-29 09:45:00,-1.370203602192639,3815.42,3808.08,7.34,1.1205722070691897,1.5833333333333333,sl
fvg,2025-09-30 06:40:00,2025-09-30 06:50:00,-1.2841738372726283,3869.36,3859.67,9.69,1.3710010319776273,0.16666666666666666,sl
fvg,2025-10-01 00:30:00,2025-10-01 02:00:00,1.5066754937658613,3859.76,3854.17,5.59,0.1386404293356399,1.5,tp
fvg,2025-10-01 02:00:00,2025-10-01 06:10:00,-0.9051086956521739,3870.31,3854.17,16.14,0.9247211895853319,4.166666666666667,time
fvg,2025-10-08 01:55:00,2025-10-08 03:05:00,1.5838086880210618,4000.04,3993.2,6.84,0.18494152046511383,1.1666666666666667,tp
fvg,2025-10-15 00:25:00,2025-10-15 03:50:00,1.828528236691502,4155.41,4137.99,17.42,0.0,3.4166666666666665,tp
fvg,2025-10-20 04:55:00,2025-10-20 05:45:00,-1.1549310710498408,4265.74,4246.21,19.53,1.0051715309728053,0.8333333333333334,sl
threevol,2025-10-20 15:10:00,2025-10-20 19:15:00,1.5445613338626438,4345.52,4333.72,11.8,0.7266949152481404,4.083333333333333,time
fvg,2025-10-20 15:10:00,2025-10-20 19:15:00,1.544576762149984,4345.52,4333.72,11.8,0.7266949152481404,4.083333333333333,time
threevol,2025-10-23 12:35:00,2025-10-23 16:40:00,0.059910086004691165,4124.26,4106.48,17.78,0.31355455567876617,4.083333333333333,time
threevol,2025-10-29 08:05:00,2025-10-29 12:10:00,1.4185387771049032,4009.46,3998.28,11.18,0.5496422182419515,4.083333333333333,time
fvg,2025-11-05 11:55:00,2025-11-05 14:25:00,1.6641310089804542,3966.38,3957.97,8.41,0.40844233055399537,2.5,tp
fvg,2025-11-07 11:55:00,2025-11-07 12:30:00,-1.463161176348332,4002.42,3996.27,6.15,1.1504065040463791,0.5833333333333334,sl
fib,2025-11-10 14:40:00,2025-11-10 14:50:00,-0.023990157883945044,4080.81,4073.59,7.22,0.3746537396068632,0.16666666666666666,time
fvg,2025-11-10 14:40:00,2025-11-10 16:30:00,1.5977641847711455,4080.81,4073.59,7.22,0.4452908587196145,1.8333333333333333,tp
fib,2025-11-13 13:00:00,2025-11-13 13:10:00,-0.1983386319351861,4229.99,4216.9,13.09,0.3296409472854573,0.16666666666666666,time
fib,2025-11-13 13:30:00,2025-11-13 13:40:00,0.19482120838471026,4223.86,4216.9,6.96,0.2880747126394242,0.16666666666666666,time
fvg,2025-11-13 12:50:00,2025-11-13 14:05:00,-1.136717533478667,4238.89,4216.9,21.99,1.150295588898861,1.25,sl
threevol,2025-11-17 01:30:00,2025-11-17 02:00:00,-1.3100260040450737,4098.72,4089.32,9.4,1.6377659574294319,0.5,sl
fvg,2025-11-19 12:50:00,2025-11-19 13:05:00,-1.393952120957581,4114.99,4107.56,7.43,1.1500672947355406,0.25,sl
threevol,2025-11-25 02:45:00,2025-11-25 03:15:00,-1.2617351419927783,4154.84,4143.56,11.28,1.0453900709126704,0.5,sl
harmonic,2025-12-03 15:00:00,2025-12-03 16:55:00,-1.2372708757637474,4215.39,4202.77,12.62,1.5693343898449572,1.9166666666666667,sl
harmonic,2025-12-04 16:40:00,2025-12-04 20:45:00,-0.26047171027194227,4210.39,4189.12,21.27,0.5150446638433673,4.083333333333333,time
harmonic,2025-12-04 20:45:00,2025-12-05 00:50:00,-0.4466985398630314,4207.54,4189.12,18.42,0.29397394136648025,4.083333333333333,time
harmonic,2025-12-10 20:00:00,2025-12-11 00:05:00,0.5149273104880582,4223.31,4202.12,21.19,0.1054742803204358,4.083333333333333,time
fvg,2025-12-10 20:00:00,2025-12-11 00:05:00,0.5149611329996806,4223.31,4202.12,21.19,0.1054742803204358,4.083333333333333,time
fvg,2025-12-11 23:35:00,2025-12-12 03:40:00,-0.499735141434474,4275.6,4261.86,13.74,0.8334788937348528,4.083333333333333,time
harmonic,2025-12-16 17:00:00,2025-12-16 19:25:00,-1.3824896694214877,4305.45,4297.45,8.0,1.0731249999865904,2.4166666666666665,sl
fvg,2025-12-18 16:00:00,2025-12-18 20:05:00,-0.5540885860306644,4342.88,4319.51,23.37,0.9035087719259491,4.083333333333333,time
fvg,2025-12-26 02:30:00,2025-12-26 03:15:00,1.589507494646681,4497.06,4489.25,7.81,0.012163892445459446,0.75,tp
fvg,2025-12-26 03:15:00,2025-12-26 07:20:00,-0.0839919907261039,4510.36,4489.25,21.11,0.624585504497254,4.083333333333333,time
threevol,2026-01-02 02:55:00,2026-01-02 07:00:00,0.8521446926270013,4362.28,4352.51,9.77,0.0,4.083333333333333,time
fvg,2026-01-02 05:55:00,2026-01-02 10:00:00,0.40438772281404917,4380.03,4369.03,11.0,0.7631818181748372,4.083333333333333,time
fvg,2026-01-05 03:35:00,2026-01-05 07:40:00,0.2300661834226284,4408.16,4351.87,56.29,0.19817019008669262,4.083333333333333,time
threevol,2026-01-05 05:55:00,2026-01-05 08:15:00,1.629361034888279,4411.89,4403.4,8.49,0.0,2.3333333333333335,tp
threevol,2026-01-11 23:25:00,2026-01-12 00:10:00,1.6145019766657025,4537.15,4528.76,8.39,0.503575685333623,0.75,tp
threevol,2026-01-12 00:10:00,2026-01-12 00:30:00,1.7131334219016892,4552.95,4541.59,11.36,0.0,0.3333333333333333,tp
fvg,2026-01-23 01:00:00,2026-01-23 05:05:00,0.4110680222198931,4945.79,4927.48,18.31,0.4339158929523336,4.083333333333333,time
fvg,2026-01-23 05:05:00,2026-01-23 06:10:00,-1.4890396659707725,4956.53,4949.34,7.19,1.5472878998392714,1.0833333333333333,sl
threevol,2026-01-23 04:35:00,2026-01-23 06:10:00,-1.575426812202631,4955.45,4949.34,6.11,1.6440261865523338,1.5833333333333333,sl
threevol,2026-01-23 19:50:00,2026-01-23 20:05:00,-1.2751658767772511,4988.16,4975.31,12.85,1.3832684824794794,0.25,sl
fvg,2026-01-23 19:00:00,2026-01-23 23:05:00,0.15937268199639715,4975.9,4948.62,27.28,0.20216275659747807,4.083333333333333,time
threevol,2026-01-26 01:30:00,2026-01-26 04:45:00,-1.184061449831973,5083.27,5063.72,19.55,1.2902813299166924,3.25,sl
threevol,2026-01-26 06:40:00,2026-01-26 07:00:00,-1.219879518072289,5091.64,5075.24,16.4,1.1015243902372172,0.3333333333333333,sl
fvg,2026-01-28 11:55:00,2026-01-28 16:00:00,0.5353855918755951,5261.07,5230.62,30.45,0.8483415435111824,4.083333333333333,time
threevol,2026-01-28 23:15:00,2026-01-28 23:35:00,1.9148140861695848,5491.59,5445.32,46.27,0.24756861897504148,0.3333333333333333,tp
threevol,2026-01-29 03:50:00,2026-01-29 05:20:00,-1.2027796544735065,5543.64,5524.3,19.34,1.4557911065075015,1.5,sl
threevol,2026-02-04 00:10:00,2026-02-04 01:10:00,1.8892145369284876,4986.27,4954.12,32.15,0.5748678071522051,1.0,tp
threevol,2026-02-04 03:35:00,2026-02-04 07:40:00,0.3442953020134228,5069.65,5048.68,20.97,0.901525989504511,4.083333333333333,time
threevol,2026-02-06 18:35:00,2026-02-06 19:35:00,-1.2266386394037836,4964.43,4948.91,15.52,1.0260953608181427,1.0,sl
threevol,2026-02-11 05:35:00,2026-02-11 05:50:00,-1.3025055625423234,5061.68,5049.82,11.86,1.2516863406302772,0.25,sl
fvg,2026-02-11 12:50:00,2026-02-11 13:30:00,-1.106387456592655,5077.94,5044.23,33.71,1.7782557104663863,0.6666666666666666,sl
threevol,2026-02-22 23:10:00,2026-02-23 03:15:00,0.18308340684112515,5145.68,5113.96,31.72,0.5247477931887756,4.083333333333333,time
fvg,2026-02-23 14:05:00,2026-02-23 14:20:00,1.4820174505213874,5149.72,5142.65,7.07,0.0,0.25,tp
fvg,2026-02-23 14:20:00,2026-02-23 15:45:00,1.8203837684806543,5163.16,5142.65,20.51,0.0,1.4166666666666667,tp
threevol,2026-02-23 14:40:00,2026-02-23 18:55:00,0.7157812347128462,5190.06,5168.36,21.7,0.6688940092135226,4.25,time
fib,2026-03-02 13:10:00,2026-03-02 13:20:00,1.6640344580043072,5383.58,5372.18,11.4,0.0,0.16666666666666666,tp
fvg,2026-03-02 13:05:00,2026-03-02 14:05:00,-1.1543610338791062,5396.89,5372.18,24.71,1.0572642654752842,1.0,sl
threevol,2026-03-05 02:55:00,2026-03-05 04:00:00,-1.2562408936376883,5191.43,5177.08,14.35,1.0358885017349264,1.0833333333333333,sl
harmonic,2026-03-06 15:00:00,2026-03-06 19:05:00,0.18632971061935313,5147.18,5059.59,87.59,0.24483388514643376,4.083333333333333,time
fvg,2026-03-09 23:20:00,2026-03-10 00:00:00,-1.2562766954891136,5145.61,5131.39,14.22,1.064345991553648,0.6666666666666666,sl
fib,2026-03-10 00:00:00,2026-03-10 00:05:00,0.3796025421164128,5133.64,5131.39,2.25,0.0,0.08333333333333333,tp
fvg,2026-03-10 00:00:00,2026-03-10 00:05:00,0.379615952732644,5133.64,5131.39,2.25,0.0,0.08333333333333333,tp
fvg,2026-03-10 00:05:00,2026-03-10 00:20:00,-1.5025225982762245,5138.64,5131.39,7.25,1.349655172395157,0.25,sl
threevol,2026-03-17 01:55:00,2026-03-17 06:00:00,-1.3615346778160353,5027.47,5017.61,9.86,1.8572008113401803,4.083333333333333,sl
harmonic,2026-04-07 17:00:00,2026-04-07 21:05:00,0.9950333289766042,4665.18,4628.73,36.45,0.319478737996392,4.083333333333333,time
threevol,2026-04-13 18:50:00,2026-04-13 19:05:00,-1.4235563977261396,4738.89,4730.95,7.94,1.0761964735382068,0.25,sl
fvg,2026-04-13 18:50:00,2026-04-13 19:05:00,-1.4235407107032336,4738.89,4730.95,7.94,1.0761964735382068,0.25,sl
fvg,2026-04-13 19:05:00,2026-04-13 19:20:00,0.8739987010175363,4733.94,4730.95,2.99,0.0,0.25,tp
fvg,2026-04-13 19:35:00,2026-04-13 23:00:00,1.6641270522588263,4741.01,4730.95,10.06,0.3076540755436868,3.4166666666666665,tp
fvg,2026-04-14 01:40:00,2026-04-14 05:35:00,-1.266307789740342,4772.52,4759.81,12.71,1.1443745082522137,3.9166666666666665,sl
threevol,2026-04-14 13:20:00,2026-04-14 14:35:00,1.7305746661270742,4791.09,4778.41,12.68,0.8923501577217093,1.25,tp
threevol,2026-04-16 06:45:00,2026-04-16 08:00:00,-1.2721034311287915,4828.23,4815.65,12.58,1.227742448320901,1.25,sl
harmonic,2026-04-17 12:00:00,2026-04-17 13:05:00,1.8721366636469523,4803.68,4776.85,26.83,0.11125605665260742,1.0833333333333333,tp
threevol,2026-04-30 06:55:00,2026-04-30 08:00:00,1.7573284980356603,4589.04,4575.58,13.46,0.3257800891505743,1.0833333333333333,tp
threevol,2026-05-18 00:05:00,2026-05-18 00:40:00,1.8459710948327064,4523.78,4544.59,20.81,0.4625180201804257,0.5833333333333334,tp
threevol,2026-05-19 13:25:00,2026-05-19 17:30:00,-0.5093312597200622,4492.14,4521.8,29.66,0.7338165879948397,4.083333333333333,time
threevol,2026-05-26 04:30:00,2026-05-26 07:55:00,-1.4393317702227433,4530.34,4537.68,7.34,1.1737057220548244,3.4166666666666665,sl
fvg,2026-06-01 11:55:00,2026-06-01 13:10:00,1.7088945905494974,4505.94,4516.91,10.97,0.3997265268878984,1.25,tp
threevol,2026-06-03 04:35:00,2026-06-03 06:45:00,1.59456780333069,4471.71,4479.51,7.8,0.2826923076886741,2.1666666666666665,tp
threevol,2026-06-03 15:10:00,2026-06-03 19:15:00,-0.9060396136208411,4445.93,4455.27,9.34,0.6322269807212552,4.083333333333333,time
threevol,2026-06-05 01:40:00,2026-06-05 05:45:00,-0.35712879086254434,4446.14,4458.54,12.4,0.7076612903168443,4.083333333333333,time
threevol,2026-06-09 19:15:00,2026-06-09 22:50:00,1.7392292490118575,4255.44,4267.05,11.61,0.5602928509857089,3.5833333333333335,tp
fvg,2026-06-18 12:35:00,2026-06-18 13:15:00,-1.1693472090823085,4242.62,4260.5,17.88,1.0701901565935796,0.6666666666666666,sl
threevol,2026-06-18 12:35:00,2026-06-18 13:15:00,-1.1693861693861696,4242.62,4260.5,17.88,1.0701901565935796,0.6666666666666666,sl
fvg,2026-06-18 13:15:00,2026-06-18 13:25:00,-2.7033609870240376,4258.72,4260.5,1.78,0.0,0.16666666666666666,sl
threevol,2026-06-23 01:40:00,2026-06-23 04:55:00,1.8346108490566038,4154.61,4172.39,17.78,0.488470191223372,3.25,tp
harmonic,2026-06-23 01:40:00,2026-06-23 04:55:00,1.8346036585365852,4154.61,4172.39,17.78,0.488470191223372,3.25,tp
harmonic,2026-06-26 05:40:00,2026-06-26 06:55:00,-1.1695359281437125,4011.32,4028.23,16.91,1.2806031933691122,1.25,sl
fvg,2026-06-29 12:10:00,2026-06-29 14:15:00,1.8628115435067774,4047.73,4068.59,20.86,0.1862416107373509,2.0833333333333335,tp
threevol,2026-06-30 00:40:00,2026-06-30 01:05:00,1.7674194171009456,3991.86,4004.08,12.22,0.13870703764204895,0.4166666666666667,tp
fvg,2026-06-30 05:25:00,2026-06-30 06:20:00,-1.1670959433354797,3982.78,3999.82,17.04,1.1741784037489669,0.9166666666666666,sl
fvg,2026-07-01 04:05:00,2026-07-01 08:10:00,-0.08816503800217156,3975.61,3988.84,13.23,0.518140589565246,4.083333333333333,time
threevol,2026-07-10 16:55:00,2026-07-10 20:00:00,-1.4829319173146216,4104.8,4110.86,6.06,1.6839933993121334,3.0833333333333335,sl
